ip_address,country,operating_system,web_browser,time_of_day
159.111.48.189,Indonesia,Windows,Chrome,12:56 PM
211.23.69.11,China,Windows,Chrome,12:00 AM
155.29.117.174,Sweden,Windows,Firefox,5:23 PM
70.164.230.59,Myanmar,Linux,Firefox,2:10 AM
61.57.149.213,France,Linux,Chrome,9:54 PM
16.159.127.153,Montenegro,macOS,Safari,10:02 PM
221.48.254.164,Sweden,Linux,Chrome,2:06 AM
28.93.171.214,Sweden,Linux,Safari,10:10 PM
167.47.176.219,United States,Linux,Safari,6:27 PM
124.70.181.106,France,macOS,Chrome,9:20 AM
168.174.93.105,Iran,Linux,Firefox,11:46 PM
45.205.202.166,Indonesia,Windows,Chrome,9:03 PM
170.191.119.168,Portugal,macOS,Safari,5:51 PM
34.128.72.198,Philippines,macOS,Firefox,9:13 AM
115.127.112.182,El Salvador,Windows,Safari,11:28 AM
221.30.111.93,Sri Lanka,macOS,Firefox,1:04 PM
25.72.225.17,Peru,Linux,Firefox,8:35 PM
20.206.74.115,China,macOS,Safari,2:39 PM
232.54.42.201,Kyrgyzstan,macOS,Firefox,6:26 AM
58.3.230.122,Indonesia,macOS,Chrome,5:33 PM
143.204.191.181,Indonesia,Windows,Chrome,10:47 PM
216.110.177.57,China,Linux,Chrome,1:45 AM
164.27.97.32,Indonesia,macOS,Chrome,10:40 AM
27.119.12.88,Iran,Windows,Firefox,5:03 PM
100.69.173.58,Australia,macOS,Safari,9:53 AM
94.246.99.98,Mauritius,Linux,Chrome,2:28 AM
30.35.75.184,Bulgaria,Linux,Firefox,10:27 AM
149.82.231.32,Thailand,Windows,Chrome,2:05 AM
34.89.22.8,Malaysia,macOS,Firefox,9:57 AM
243.33.75.177,Brazil,macOS,Firefox,10:21 PM
64.154.6.22,Russia,Linux,Firefox,5:15 AM
141.46.192.50,Mayotte,Windows,Safari,6:07 AM
132.248.204.255,Brazil,macOS,Safari,7:31 AM
134.100.23.194,Indonesia,Windows,Safari,8:53 AM
156.198.162.233,Palestinian Territory,Linux,Firefox,10:36 PM
179.153.249.182,Mexico,Linux,Chrome,12:13 PM
97.172.148.235,China,Linux,Chrome,5:36 PM
161.7.86.92,Ukraine,Linux,Firefox,7:02 AM
201.226.229.236,Indonesia,macOS,Firefox,9:16 PM
122.81.83.193,China,macOS,Chrome,8:46 AM
217.4.79.93,Japan,Windows,Chrome,3:37 AM
244.79.240.234,Croatia,Windows,Chrome,7:55 PM
185.79.163.182,Mexico,Linux,Safari,1:39 PM
195.5.157.70,Tanzania,macOS,Firefox,4:24 PM
3.93.56.80,Sweden,Linux,Chrome,11:57 AM
27.43.167.126,United States,macOS,Safari,9:38 AM
93.85.122.235,Russia,macOS,Chrome,8:02 PM
126.2.7.79,Greece,Linux,Firefox,3:46 PM
213.115.90.141,Poland,Windows,Firefox,7:53 AM
95.231.17.174,Sweden,macOS,Chrome,5:53 AM
175.102.192.235,Serbia,Linux,Chrome,3:07 AM
54.195.204.3,China,Windows,Firefox,12:25 PM
39.101.70.93,Chile,Windows,Firefox,7:34 PM
42.222.68.226,China,Linux,Safari,8:22 AM
100.238.161.43,Cape Verde,macOS,Chrome,12:17 PM
150.52.121.177,Indonesia,Linux,Chrome,10:54 AM
16.173.5.146,Portugal,macOS,Chrome,8:08 PM
49.174.245.21,Portugal,Windows,Chrome,2:13 AM
41.86.31.233,Philippines,macOS,Firefox,9:19 AM
13.201.243.24,Poland,Linux,Firefox,10:02 AM
93.174.19.212,Brazil,Windows,Chrome,9:23 AM
12.193.125.33,Japan,Windows,Firefox,5:27 PM
214.236.30.210,Russia,Linux,Firefox,3:59 AM
176.166.16.175,China,macOS,Chrome,6:31 AM
200.72.175.202,China,Windows,Safari,7:07 AM
186.31.132.3,Peru,Windows,Firefox,2:20 PM
39.186.230.147,Indonesia,Windows,Chrome,2:19 AM
191.95.223.160,Indonesia,Linux,Chrome,10:18 PM
239.89.106.147,Brazil,Linux,Safari,2:12 PM
60.192.166.208,China,Linux,Safari,6:08 PM
173.243.85.252,China,Windows,Safari,9:07 AM
12.25.20.55,China,Linux,Safari,5:31 AM
227.50.21.190,China,Windows,Chrome,7:11 AM
74.227.166.255,Russia,Linux,Firefox,4:30 PM
68.153.175.203,Brazil,Linux,Firefox,7:14 PM
211.217.223.228,Afghanistan,Windows,Firefox,7:48 PM
180.222.75.45,Malta,macOS,Chrome,8:06 PM
155.98.111.11,Indonesia,macOS,Safari,12:10 PM
31.223.11.43,Afghanistan,macOS,Firefox,9:09 AM
143.229.93.85,United States,Windows,Chrome,4:05 AM
1.58.195.185,Indonesia,macOS,Safari,6:24 AM
107.180.117.84,United States,Windows,Chrome,9:00 AM
107.1.228.2,Russia,macOS,Firefox,8:32 AM
18.157.121.144,Russia,Windows,Safari,4:10 AM
44.27.247.47,Ukraine,Windows,Firefox,9:38 AM
215.247.71.169,Indonesia,macOS,Chrome,6:01 AM
158.169.148.197,China,Windows,Safari,9:27 PM
59.128.146.97,Spain,Linux,Chrome,10:45 AM
61.138.131.217,China,Windows,Firefox,1:55 PM
48.210.196.78,China,Windows,Safari,8:56 PM
222.174.95.253,France,Linux,Firefox,1:21 AM
232.140.189.157,Ireland,Windows,Safari,1:19 AM
108.236.144.52,Philippines,Windows,Safari,10:57 AM
149.130.231.255,China,macOS,Firefox,9:58 PM
207.44.208.175,Uruguay,Linux,Chrome,5:45 AM
85.245.239.191,Ghana,Linux,Chrome,12:00 PM
181.136.115.186,Ecuador,Linux,Firefox,6:44 AM
62.135.217.25,Indonesia,macOS,Chrome,9:56 PM
192.0.236.124,Greece,Windows,Chrome,1:35 PM
207.82.203.76,Indonesia,macOS,Chrome,7:14 PM
158.100.41.252,Russia,macOS,Firefox,2:24 PM
210.82.73.16,Russia,Linux,Chrome,8:16 PM
151.78.253.173,Canada,Linux,Firefox,8:19 PM
226.52.130.202,Croatia,macOS,Firefox,5:40 PM
24.92.211.44,Thailand,Windows,Firefox,6:46 AM
39.216.58.61,Greece,Windows,Firefox,4:38 AM
125.28.249.58,Nigeria,macOS,Firefox,9:24 AM
85.127.63.24,Luxembourg,macOS,Firefox,11:12 AM
23.175.199.59,Sudan,Linux,Chrome,6:41 AM
43.96.112.58,Netherlands,Linux,Safari,1:12 AM
185.32.26.53,Belgium,Windows,Firefox,2:15 PM
53.37.148.67,China,Linux,Safari,1:09 AM
10.226.0.8,Indonesia,macOS,Safari,2:24 PM
220.42.22.35,Brazil,Windows,Firefox,11:41 PM
122.135.28.31,Indonesia,Windows,Safari,1:06 AM
212.159.60.10,North Korea,Windows,Chrome,12:24 PM
18.81.183.29,Brazil,Windows,Safari,4:29 PM
120.51.217.29,France,Windows,Firefox,9:54 PM
82.95.196.97,Philippines,macOS,Safari,2:39 AM
55.127.128.112,Chile,Linux,Chrome,10:32 PM
228.38.159.247,Russia,macOS,Firefox,12:53 PM
204.121.42.192,Indonesia,Linux,Firefox,2:45 PM
84.242.213.194,Gabon,Windows,Chrome,7:57 PM
128.33.129.111,China,Windows,Firefox,5:49 PM
69.75.253.44,Russia,macOS,Firefox,2:17 PM
131.75.13.63,Indonesia,Linux,Safari,4:39 AM
89.97.214.23,China,Windows,Firefox,3:24 PM
6.44.144.34,Germany,macOS,Safari,8:26 AM
168.114.106.9,Portugal,Windows,Safari,4:52 AM
151.225.254.150,China,Windows,Firefox,1:36 AM
89.24.186.180,France,Linux,Safari,2:12 PM
30.230.116.119,Portugal,Linux,Firefox,12:42 PM
63.18.18.253,Indonesia,Linux,Chrome,5:46 PM
98.118.250.171,China,Windows,Chrome,7:00 AM
176.222.171.89,Oman,Windows,Firefox,10:29 AM
10.143.94.174,United States,Windows,Chrome,9:47 PM
33.190.26.214,China,macOS,Firefox,5:10 AM
246.46.116.151,Peru,macOS,Safari,3:42 PM
196.22.154.114,Germany,Windows,Safari,4:45 AM
231.80.115.72,China,Windows,Firefox,11:36 PM
150.69.15.233,Georgia,Windows,Firefox,9:48 PM
180.162.39.111,Indonesia,macOS,Safari,9:17 PM
38.220.173.72,Greece,Linux,Firefox,9:57 AM
194.124.167.242,Ecuador,Windows,Firefox,6:32 AM
243.122.124.170,France,Linux,Chrome,1:04 AM
193.198.145.229,Japan,Windows,Safari,12:13 AM
137.232.26.11,Ukraine,Windows,Firefox,8:03 PM
110.22.43.243,China,Windows,Firefox,11:10 PM
163.221.83.177,Sweden,Windows,Firefox,9:22 AM
9.33.25.191,Philippines,Linux,Firefox,2:48 AM
212.247.12.114,Philippines,macOS,Chrome,6:20 AM
221.68.17.191,Brazil,macOS,Chrome,8:47 AM
13.9.138.188,China,Linux,Firefox,7:52 AM
166.198.194.141,China,Linux,Chrome,10:58 AM
108.111.244.180,Indonesia,Windows,Chrome,6:13 PM
155.208.149.118,Colombia,macOS,Firefox,5:37 AM
104.158.168.92,Sweden,Linux,Firefox,6:23 PM
110.42.40.242,Haiti,Linux,Chrome,4:41 AM
252.224.101.201,Thailand,Windows,Firefox,2:16 PM
39.159.154.238,Indonesia,Windows,Firefox,10:03 AM
158.140.30.85,Greece,macOS,Firefox,1:44 AM
235.167.234.170,Philippines,macOS,Chrome,4:33 PM
31.170.173.200,Thailand,Linux,Firefox,2:00 PM
187.87.4.75,Philippines,Windows,Firefox,5:27 PM
14.66.178.208,Philippines,Windows,Safari,11:23 PM
4.64.73.43,Cameroon,Linux,Safari,2:53 PM
136.8.228.158,China,Windows,Safari,9:45 AM
246.83.214.55,France,Linux,Chrome,10:12 AM
126.123.199.232,Argentina,Windows,Safari,10:11 AM
94.131.193.73,Portugal,Windows,Safari,6:43 AM
34.234.176.147,Portugal,Windows,Safari,8:40 PM
217.51.143.155,Laos,Windows,Firefox,3:11 AM
5.224.173.196,Pakistan,macOS,Safari,1:03 PM
63.75.119.18,Nigeria,Linux,Firefox,6:18 AM
199.217.240.149,Senegal,Windows,Firefox,7:06 PM
27.68.220.118,China,Linux,Firefox,2:00 AM
73.130.127.211,China,macOS,Safari,4:13 AM
6.146.121.133,Argentina,macOS,Safari,10:26 AM
15.25.125.144,China,Linux,Safari,1:08 AM
53.162.51.228,Micronesia,macOS,Chrome,4:56 AM
73.223.24.67,China,Windows,Safari,8:35 PM
173.53.87.181,Indonesia,Linux,Firefox,2:43 AM
59.81.84.48,Slovenia,Windows,Firefox,3:52 AM
153.31.17.251,China,Linux,Safari,2:22 AM
58.170.32.100,Venezuela,Linux,Chrome,5:49 PM
32.97.9.80,Japan,macOS,Safari,9:58 AM
181.225.208.248,China,macOS,Chrome,2:36 PM
144.70.129.62,Colombia,Linux,Chrome,12:38 AM
20.16.15.134,South Sudan,macOS,Chrome,2:28 PM
50.196.191.115,Ukraine,Windows,Safari,7:14 PM
51.216.12.79,China,macOS,Firefox,12:04 AM
182.171.151.223,Indonesia,macOS,Safari,3:07 AM
169.56.217.133,China,Linux,Chrome,1:28 AM
165.156.195.148,Estonia,Linux,Chrome,4:39 PM
76.116.166.234,China,Windows,Chrome,4:15 AM
101.204.160.91,Indonesia,macOS,Chrome,1:03 PM
93.147.178.36,Greece,macOS,Chrome,2:42 PM
170.49.5.237,Philippines,Windows,Firefox,5:08 AM
30.21.32.117,China,Linux,Chrome,1:11 AM
20.253.216.101,Argentina,Linux,Firefox,11:42 AM
190.152.165.95,China,macOS,Chrome,4:58 AM
83.207.254.97,Brazil,Windows,Safari,12:11 AM
27.137.93.166,Sweden,Windows,Safari,5:55 AM
75.249.253.29,Malawi,Windows,Firefox,11:33 PM
82.224.131.87,China,macOS,Chrome,1:59 AM
203.236.67.134,Portugal,macOS,Firefox,4:17 AM
145.92.201.27,Indonesia,Linux,Chrome,4:22 PM
115.117.210.118,Haiti,macOS,Firefox,9:31 AM
167.234.191.86,China,Windows,Chrome,1:11 PM
136.134.40.201,Finland,Linux,Safari,12:49 PM
78.0.238.136,Philippines,Windows,Safari,11:08 PM
232.92.112.153,Dominican Republic,macOS,Safari,3:48 PM
68.9.87.87,Indonesia,Linux,Firefox,1:14 PM
85.41.99.68,Slovenia,Windows,Chrome,10:49 AM
39.84.187.112,China,Windows,Chrome,2:15 AM
135.228.6.149,China,Windows,Safari,9:08 AM
132.6.74.189,Portugal,Windows,Safari,5:46 AM
34.183.1.202,China,Linux,Firefox,10:33 AM
119.237.92.176,China,Linux,Firefox,2:49 PM
203.77.162.226,Japan,Windows,Chrome,6:36 PM
122.62.212.71,Sweden,macOS,Chrome,8:19 PM
237.148.5.104,China,Windows,Safari,1:10 PM
225.4.52.153,Indonesia,macOS,Chrome,12:06 AM
96.30.46.14,Ukraine,macOS,Chrome,4:46 PM
107.151.176.209,France,Linux,Chrome,7:04 AM
188.59.234.40,Argentina,Windows,Chrome,3:02 AM
224.141.218.114,French Polynesia,macOS,Firefox,12:47 PM
48.195.190.73,China,Linux,Safari,1:28 AM
133.28.49.13,Russia,Linux,Safari,12:35 PM
83.36.134.186,China,Windows,Chrome,4:40 PM
60.101.232.125,Portugal,Windows,Chrome,6:30 AM
172.218.206.181,China,macOS,Safari,2:56 AM
236.169.43.122,China,Windows,Safari,3:10 PM
94.242.190.101,Japan,Linux,Safari,12:51 PM
248.213.231.208,China,Windows,Chrome,7:43 PM
31.186.85.211,Czech Republic,macOS,Safari,10:22 PM
174.110.98.186,Serbia,Linux,Safari,9:02 AM
66.135.3.107,Indonesia,macOS,Chrome,9:56 PM
17.232.101.32,Russia,Linux,Firefox,1:59 PM
249.175.1.216,Argentina,Linux,Firefox,4:10 AM
193.51.148.130,China,Windows,Firefox,4:40 AM
10.8.60.188,Macedonia,Windows,Safari,5:47 AM
158.218.30.106,Canada,Windows,Safari,6:21 PM
61.164.169.115,Japan,Linux,Firefox,10:16 AM
167.29.128.57,Poland,Linux,Chrome,2:42 AM
145.37.229.64,Japan,macOS,Chrome,7:12 PM
48.117.208.41,Poland,Windows,Firefox,5:41 AM
126.128.178.218,Sweden,Linux,Chrome,7:44 PM
127.255.116.206,Nigeria,macOS,Firefox,7:46 AM
159.127.56.186,Indonesia,Windows,Chrome,9:21 PM
15.210.182.139,France,Linux,Chrome,3:08 PM
188.224.72.237,China,Windows,Safari,8:52 AM
86.139.150.34,Russia,macOS,Safari,12:03 PM
233.176.35.6,Malaysia,Linux,Firefox,7:03 PM
138.118.202.132,China,macOS,Safari,11:27 PM
147.253.136.84,Philippines,macOS,Safari,10:21 PM
61.79.253.82,Indonesia,macOS,Firefox,11:52 AM
225.206.187.98,Brazil,macOS,Firefox,5:14 PM
226.188.206.116,Russia,Linux,Firefox,2:46 PM
90.157.21.74,Thailand,Linux,Firefox,7:06 PM
16.111.182.12,Argentina,macOS,Firefox,8:05 PM
20.54.117.45,Malaysia,Windows,Chrome,7:04 PM
86.54.87.124,Mexico,Windows,Chrome,1:04 AM
199.224.9.1,United States,Linux,Chrome,8:24 PM
52.222.83.23,Chile,Linux,Firefox,3:00 AM
192.217.89.111,China,Windows,Safari,6:01 PM
112.187.59.106,Nigeria,Windows,Firefox,1:03 PM
209.237.99.139,China,macOS,Firefox,12:21 AM
17.28.218.15,Philippines,Windows,Chrome,9:23 AM
131.94.146.178,China,Windows,Safari,8:33 AM
108.149.202.63,China,Linux,Chrome,8:27 PM
231.97.2.189,China,macOS,Chrome,3:21 AM
172.165.131.174,China,macOS,Safari,7:20 PM
91.229.153.69,Mexico,Linux,Chrome,4:17 PM
178.110.147.18,Indonesia,macOS,Safari,7:11 PM
149.134.225.45,Indonesia,Windows,Safari,3:05 PM
86.176.105.170,Kenya,macOS,Chrome,7:49 AM
174.11.136.117,Sweden,Linux,Safari,4:19 AM
70.194.187.41,China,macOS,Safari,2:28 PM
209.161.29.12,Russia,Windows,Safari,1:44 PM
224.223.208.89,Sweden,Windows,Safari,9:47 PM
142.84.71.127,Argentina,Windows,Chrome,10:01 PM
59.158.111.7,France,macOS,Chrome,3:11 AM
186.63.150.19,China,Linux,Chrome,9:01 AM
105.35.215.4,Sweden,Windows,Safari,8:31 PM
99.153.146.149,Brazil,Windows,Firefox,3:48 PM
65.56.80.218,Bosnia and Herzegovina,macOS,Chrome,7:16 AM
241.194.252.120,China,Linux,Firefox,8:41 AM
106.101.90.219,Bangladesh,Windows,Safari,2:59 PM
238.191.130.111,Denmark,Linux,Firefox,2:28 AM
119.15.85.15,China,Linux,Safari,2:12 PM
184.206.165.138,Portugal,macOS,Chrome,2:37 PM
35.51.76.213,Malaysia,Linux,Safari,10:33 PM
204.77.148.184,Thailand,Linux,Firefox,1:55 AM
3.66.246.179,Portugal,Windows,Chrome,11:28 PM
58.136.36.180,Colombia,Linux,Chrome,8:38 PM
248.128.213.146,China,Windows,Safari,2:18 AM
66.171.225.39,Netherlands,macOS,Firefox,12:45 AM
37.21.180.173,Indonesia,Linux,Safari,11:42 AM
90.24.242.255,Brazil,Linux,Chrome,7:17 PM
4.50.202.144,China,Linux,Firefox,3:46 PM
135.113.224.199,Philippines,Windows,Chrome,11:39 AM
246.255.251.236,Sweden,Windows,Firefox,11:58 AM
28.167.136.56,Poland,macOS,Chrome,5:30 AM
129.13.25.151,Portugal,Linux,Safari,3:43 AM
66.149.253.0,Antigua and Barbuda,Windows,Chrome,3:23 AM
102.68.126.161,Poland,macOS,Safari,4:00 PM
68.126.101.39,Madagascar,Linux,Firefox,9:14 AM
24.169.148.40,China,macOS,Chrome,4:08 PM
179.41.58.98,China,macOS,Safari,3:02 PM
226.4.25.226,Ukraine,macOS,Safari,12:44 PM
17.113.146.128,Portugal,Windows,Chrome,11:18 AM
182.197.233.239,China,macOS,Firefox,2:01 AM
71.17.17.151,Iran,macOS,Safari,11:14 PM
17.113.187.109,Malawi,Linux,Firefox,3:27 AM
177.99.211.88,Japan,macOS,Safari,4:17 PM
79.100.18.39,Slovenia,Linux,Safari,11:51 AM
144.64.247.208,Brazil,macOS,Chrome,2:21 PM
210.176.185.160,France,Windows,Safari,5:48 AM
134.115.90.68,Venezuela,macOS,Firefox,5:09 PM
167.217.44.156,China,macOS,Safari,12:00 AM
10.35.145.122,Morocco,Windows,Safari,11:43 PM
30.160.14.166,Portugal,macOS,Firefox,9:11 AM
231.76.61.218,France,Windows,Safari,10:59 AM
108.26.55.218,United States,macOS,Chrome,8:52 PM
229.35.185.85,Uganda,macOS,Chrome,1:04 AM
7.229.156.21,Japan,macOS,Firefox,8:33 PM
140.163.14.67,Canada,Windows,Firefox,7:14 PM
221.126.129.193,Portugal,Linux,Firefox,10:47 AM
79.113.94.157,Belarus,Linux,Firefox,11:04 AM
255.175.200.134,Dominican Republic,Linux,Safari,3:03 PM
21.138.119.81,Ukraine,Linux,Firefox,11:25 PM
12.45.248.232,Philippines,Windows,Firefox,8:55 PM
218.56.196.81,Indonesia,Windows,Chrome,11:20 AM
119.71.158.167,Senegal,macOS,Firefox,8:44 AM
76.212.169.118,Netherlands,Windows,Chrome,3:46 PM
68.219.2.165,Armenia,macOS,Chrome,8:03 PM
44.124.48.120,Bosnia and Herzegovina,Linux,Safari,3:16 PM
151.194.197.186,China,Linux,Safari,1:06 PM
196.175.27.106,Philippines,Linux,Chrome,10:02 AM
54.133.216.100,China,Windows,Safari,1:29 AM
31.158.153.81,Indonesia,Linux,Firefox,7:27 AM
95.76.58.103,Indonesia,macOS,Firefox,8:54 PM
211.51.148.122,China,macOS,Firefox,5:44 PM
254.216.237.38,Canada,macOS,Firefox,4:11 AM
54.185.124.221,China,Windows,Safari,12:29 AM
174.78.233.34,Poland,Linux,Firefox,7:43 AM
49.89.216.237,Luxembourg,Windows,Chrome,3:21 AM
141.89.100.132,Indonesia,Windows,Safari,3:39 AM
42.215.96.7,Indonesia,Linux,Firefox,6:43 PM
160.117.230.133,Poland,Linux,Firefox,6:34 PM
225.178.218.205,Panama,Windows,Firefox,2:24 PM
88.14.27.31,Indonesia,Linux,Firefox,11:32 PM
32.188.71.0,Russia,Linux,Firefox,7:05 AM
121.64.104.151,Peru,macOS,Firefox,8:39 AM
238.102.43.32,China,Linux,Safari,4:07 PM
75.67.153.104,China,Linux,Firefox,12:56 PM
65.110.30.4,Thailand,Linux,Chrome,2:16 PM
67.229.24.52,United Kingdom,Linux,Chrome,4:52 AM
61.215.242.121,Israel,Windows,Safari,5:06 AM
180.171.95.52,China,macOS,Safari,11:50 PM
158.129.206.117,Indonesia,Linux,Firefox,7:56 AM
192.87.66.57,Indonesia,Windows,Chrome,12:29 AM
97.139.210.3,Argentina,Windows,Safari,6:55 PM
95.220.29.144,Sweden,Windows,Firefox,9:11 AM
78.131.83.13,Russia,macOS,Safari,7:47 PM
29.90.188.214,Philippines,macOS,Safari,1:48 PM
126.127.37.74,Oman,macOS,Safari,7:44 PM
37.173.168.211,Georgia,Windows,Safari,5:50 AM
61.151.47.181,Haiti,Windows,Safari,9:12 AM
231.140.158.201,Micronesia,Linux,Safari,6:31 PM
43.157.181.67,Philippines,Linux,Safari,10:53 AM
141.141.189.71,Sweden,Windows,Firefox,6:33 AM
253.152.23.156,United States,Windows,Safari,8:50 PM
131.34.155.157,Thailand,Windows,Safari,7:16 PM
35.167.74.150,Canada,Windows,Firefox,11:52 PM
110.49.96.172,China,Windows,Safari,2:30 AM
255.11.30.154,China,Linux,Safari,11:34 AM
86.80.129.71,Honduras,Linux,Chrome,12:18 PM
36.129.251.14,China,macOS,Firefox,1:31 AM
233.40.234.94,Paraguay,Windows,Chrome,8:14 AM
86.221.138.39,Indonesia,Windows,Chrome,3:34 PM
43.156.123.143,Thailand,macOS,Chrome,1:01 AM
222.71.203.4,Bulgaria,Windows,Firefox,8:52 PM
90.133.130.31,Dominican Republic,macOS,Safari,1:17 PM
135.227.32.51,Peru,Linux,Chrome,4:50 AM
132.120.85.100,Argentina,macOS,Safari,2:15 PM
11.253.75.11,Germany,Linux,Firefox,4:32 AM
211.172.149.125,United States,macOS,Chrome,12:26 AM
242.6.60.61,Indonesia,Linux,Firefox,3:10 PM
6.93.130.16,Thailand,Windows,Chrome,11:01 PM
32.4.134.113,Portugal,Linux,Firefox,10:25 AM
120.90.183.88,Belize,Linux,Safari,7:10 AM
73.187.208.113,China,Linux,Firefox,7:58 PM
237.100.153.149,France,Linux,Chrome,7:23 PM
240.22.107.200,China,Linux,Firefox,4:10 AM
209.183.134.28,China,macOS,Chrome,12:20 AM
245.243.31.88,Yemen,Windows,Safari,1:44 PM
99.225.214.19,Burundi,macOS,Safari,4:23 PM
90.187.15.142,Djibouti,macOS,Safari,6:13 AM
63.154.24.157,Philippines,macOS,Firefox,12:50 AM
149.228.22.89,Nigeria,Linux,Chrome,2:54 PM
192.90.21.46,Philippines,macOS,Chrome,6:33 PM
20.54.239.112,Libya,Windows,Safari,5:49 AM
115.240.168.250,Russia,Windows,Chrome,4:18 AM
69.144.253.250,China,Windows,Chrome,11:23 AM
33.247.203.217,Peru,Linux,Chrome,9:02 PM
171.195.136.226,Madagascar,Windows,Chrome,8:05 AM
8.3.227.94,Philippines,Windows,Safari,9:18 AM
130.35.3.10,China,Windows,Firefox,3:03 PM
185.65.189.42,Brazil,Linux,Firefox,12:30 AM
156.233.92.177,Morocco,Linux,Firefox,8:04 PM
194.189.244.98,Spain,macOS,Chrome,9:38 PM
19.3.150.67,United States,Windows,Chrome,11:01 AM
134.240.182.198,Russia,macOS,Firefox,12:19 PM
170.93.218.105,Indonesia,macOS,Safari,8:39 AM
187.250.146.215,China,macOS,Chrome,9:11 AM
4.235.55.236,Indonesia,Windows,Chrome,3:09 AM
248.11.211.91,United Kingdom,macOS,Firefox,1:20 AM
36.5.155.108,Sweden,Windows,Safari,3:09 AM
239.0.152.255,Poland,macOS,Safari,2:12 PM
10.85.187.36,Venezuela,macOS,Firefox,3:31 PM
106.64.225.164,China,Windows,Safari,12:11 PM
10.44.240.28,Brazil,Linux,Safari,5:57 PM
48.222.231.189,South Africa,Linux,Firefox,7:52 PM
5.117.150.149,Spain,Windows,Chrome,10:33 PM
157.1.3.168,Luxembourg,macOS,Safari,3:23 PM
175.224.147.252,France,macOS,Safari,9:58 AM
191.185.86.248,China,macOS,Safari,12:13 AM
136.172.254.143,Ukraine,Linux,Chrome,11:44 PM
217.9.121.153,Morocco,Linux,Chrome,5:23 AM
122.227.251.216,Pakistan,macOS,Firefox,11:42 AM
163.162.65.107,China,Windows,Safari,3:24 PM
188.101.180.144,Poland,Windows,Safari,5:27 PM
51.36.6.22,Peru,Linux,Firefox,9:07 AM
147.121.135.229,Poland,Linux,Safari,7:52 PM
5.240.108.122,Brazil,Linux,Chrome,1:41 AM
224.74.112.26,Vietnam,Windows,Chrome,10:19 PM
41.99.176.186,Russia,Linux,Chrome,1:51 PM
49.163.43.7,Guatemala,Windows,Safari,11:33 AM
76.79.193.192,Indonesia,Windows,Firefox,12:23 AM
55.104.106.128,Indonesia,Windows,Chrome,10:54 AM
123.216.6.80,Ireland,macOS,Firefox,9:28 PM
23.17.171.5,Portugal,Linux,Chrome,6:34 PM
10.122.212.96,Portugal,macOS,Chrome,10:38 AM
51.36.201.96,Honduras,Linux,Safari,11:43 AM
110.208.98.239,Russia,macOS,Firefox,12:38 AM
136.31.182.215,Macedonia,macOS,Chrome,4:33 AM
43.247.183.63,China,Linux,Safari,9:43 PM
33.227.47.46,Estonia,macOS,Firefox,4:21 AM
145.248.156.53,Russia,Windows,Firefox,8:22 PM
58.103.145.255,Russia,Windows,Safari,3:36 PM
43.42.142.87,China,Windows,Chrome,11:33 PM
141.182.62.15,Philippines,macOS,Safari,2:19 PM
198.143.78.97,Philippines,macOS,Firefox,4:04 PM
65.148.218.44,Indonesia,Linux,Safari,12:56 PM
65.151.143.144,Ireland,Linux,Safari,10:07 AM
206.146.60.250,Philippines,Linux,Chrome,3:25 PM
162.127.137.105,Indonesia,Linux,Safari,1:50 AM
36.127.192.139,Lithuania,Windows,Safari,1:06 PM
245.23.100.252,Brazil,Linux,Chrome,7:08 AM
45.147.240.110,Portugal,macOS,Safari,11:14 PM
29.208.222.204,Ireland,macOS,Chrome,4:07 PM
68.96.151.131,Brazil,Linux,Chrome,6:39 PM
190.68.222.182,Czech Republic,Linux,Chrome,12:42 AM
51.154.48.158,China,Linux,Safari,10:40 PM
106.92.191.248,China,macOS,Chrome,4:38 PM
37.43.171.241,Botswana,Linux,Firefox,5:30 AM
246.224.100.4,Egypt,Windows,Firefox,6:39 AM
163.135.186.117,China,macOS,Firefox,5:06 PM
221.224.80.83,South Korea,macOS,Firefox,8:25 AM
52.132.221.182,Martinique,Windows,Safari,4:35 AM
29.198.36.177,China,macOS,Firefox,9:17 AM
184.80.82.193,China,macOS,Safari,11:42 AM
18.92.42.148,Russia,macOS,Firefox,5:28 PM
181.88.106.138,Russia,Linux,Chrome,5:09 AM
223.16.38.59,Indonesia,Windows,Chrome,7:17 AM
208.255.122.207,Ukraine,Linux,Firefox,5:39 AM
254.200.101.199,Germany,Windows,Safari,2:16 AM
139.92.123.46,Indonesia,Linux,Chrome,10:39 AM
144.35.0.201,Russia,Windows,Firefox,3:51 AM
183.94.122.27,China,macOS,Safari,7:27 AM
108.22.255.38,China,macOS,Firefox,1:47 AM
71.195.109.87,Indonesia,Linux,Chrome,2:11 AM
12.18.91.87,Poland,Windows,Chrome,4:22 PM
34.22.69.14,Poland,Linux,Firefox,12:18 AM
97.55.43.50,Indonesia,Windows,Firefox,3:13 PM
10.35.135.208,China,Linux,Safari,1:29 PM
60.9.2.19,China,Linux,Safari,3:31 PM
40.110.226.27,Malaysia,macOS,Chrome,3:38 PM
236.33.18.200,Brazil,Linux,Firefox,9:58 AM
8.212.8.100,Venezuela,macOS,Firefox,11:55 AM
101.226.106.112,Argentina,macOS,Firefox,4:26 AM
116.140.199.182,Greece,Linux,Firefox,9:41 PM
147.166.154.103,El Salvador,macOS,Firefox,2:51 AM
54.131.246.112,Philippines,Linux,Safari,12:28 AM
37.199.93.162,North Korea,Linux,Safari,10:32 PM
247.15.216.216,Indonesia,Windows,Safari,2:24 PM
222.188.140.210,China,macOS,Safari,9:31 AM
181.143.126.27,Gambia,macOS,Chrome,8:52 AM
165.195.247.203,Argentina,Linux,Chrome,6:13 AM
238.163.186.163,Philippines,Linux,Safari,6:40 AM
8.18.133.181,Yemen,Windows,Chrome,6:58 PM
6.250.26.210,Russia,Windows,Safari,2:46 AM
119.181.110.53,Portugal,macOS,Safari,1:34 PM
108.200.155.70,Brazil,macOS,Safari,12:13 PM
208.99.231.213,Serbia,Windows,Firefox,1:26 AM
187.31.224.135,Philippines,Windows,Safari,8:41 PM
43.206.33.3,Gambia,Linux,Chrome,1:44 AM
59.47.238.95,Philippines,Windows,Chrome,12:42 AM
168.107.211.7,Croatia,Windows,Chrome,3:54 PM
4.250.237.202,Spain,Linux,Chrome,12:30 PM
239.205.126.203,Indonesia,Linux,Firefox,9:37 AM
225.137.158.160,Greece,macOS,Safari,5:09 PM
20.75.49.156,Indonesia,macOS,Chrome,10:50 PM
156.122.19.122,France,macOS,Firefox,6:15 AM
199.21.184.209,Belarus,Linux,Safari,8:49 PM
147.135.51.55,Russia,macOS,Firefox,1:10 AM
0.95.94.126,Poland,Windows,Firefox,4:40 AM
253.109.171.122,Moldova,macOS,Safari,7:14 AM
194.235.61.209,Philippines,Windows,Firefox,2:30 AM
144.205.176.135,Indonesia,Windows,Chrome,3:57 PM
156.164.106.14,Poland,macOS,Chrome,8:21 AM
152.215.168.203,Palestinian Territory,Linux,Firefox,6:18 PM
172.91.222.101,Indonesia,macOS,Firefox,6:06 PM
231.67.250.31,Albania,Linux,Safari,5:23 PM
109.8.180.56,Iran,macOS,Safari,2:04 AM
148.111.84.111,China,Linux,Safari,3:55 AM
111.5.121.28,Brazil,Windows,Firefox,12:21 PM
34.226.208.45,Yemen,macOS,Chrome,7:41 PM
155.233.211.74,China,Windows,Firefox,5:41 AM
250.84.232.221,Russia,Windows,Chrome,7:12 AM
50.172.152.156,Japan,Windows,Firefox,10:48 PM
232.69.55.147,Tajikistan,Windows,Chrome,4:41 PM
252.186.33.60,Honduras,macOS,Chrome,9:43 PM
33.53.11.156,Honduras,macOS,Safari,2:30 PM
134.193.108.68,Poland,Linux,Chrome,1:29 PM
23.228.112.188,China,macOS,Safari,12:00 AM
28.13.54.22,Portugal,Windows,Chrome,10:38 PM
243.97.47.233,Russia,Windows,Firefox,6:17 AM
17.71.200.173,Malaysia,macOS,Safari,5:28 PM
36.148.116.104,Brazil,Windows,Chrome,3:17 PM
215.140.171.107,Mexico,Linux,Chrome,4:07 PM
92.168.65.135,Brazil,Windows,Chrome,8:54 PM
101.134.61.183,Indonesia,Windows,Firefox,8:29 AM
196.234.195.195,France,Linux,Firefox,3:42 AM
89.6.148.24,China,Windows,Safari,7:58 PM
149.253.96.252,Mongolia,Linux,Safari,12:39 PM
161.66.75.168,Indonesia,Linux,Chrome,10:13 AM
56.91.169.173,Czech Republic,Linux,Firefox,8:38 AM
87.199.24.23,France,Windows,Safari,1:48 AM
181.83.21.108,Sweden,Windows,Firefox,8:02 AM
34.171.251.20,France,macOS,Firefox,6:49 PM
194.77.87.2,China,macOS,Chrome,4:04 PM
174.254.32.236,Latvia,macOS,Safari,5:12 AM
211.98.204.62,Sweden,Windows,Safari,1:16 AM
39.10.92.69,United States,Linux,Chrome,4:07 AM
199.75.40.232,Japan,macOS,Firefox,11:00 PM
153.32.66.133,Poland,Windows,Chrome,8:00 PM
46.14.98.15,Japan,macOS,Chrome,12:12 AM
151.198.169.0,Colombia,Windows,Firefox,2:26 PM
131.103.90.129,China,Windows,Chrome,3:31 AM
143.21.75.172,Poland,Linux,Safari,9:02 PM
24.48.56.222,Poland,macOS,Chrome,10:14 PM
229.211.80.252,Chile,macOS,Safari,9:55 PM
248.59.186.37,China,Windows,Safari,10:11 AM
234.165.218.20,Brazil,macOS,Safari,6:29 AM
169.123.103.190,Philippines,Linux,Safari,3:56 AM
124.175.12.123,United Kingdom,Windows,Firefox,3:31 AM
228.50.200.249,Poland,macOS,Safari,11:30 PM
152.42.108.82,China,Linux,Firefox,8:18 PM
59.11.101.49,China,Windows,Chrome,12:11 AM
74.44.178.90,Portugal,macOS,Firefox,7:57 PM
227.66.235.104,Russia,Windows,Firefox,10:42 PM
195.93.115.133,China,Windows,Chrome,7:05 AM
150.102.51.175,United States,Linux,Chrome,1:41 PM
56.129.12.139,China,Windows,Safari,3:05 PM
194.253.127.127,Philippines,Windows,Chrome,5:54 PM
152.80.175.4,Greece,Linux,Firefox,6:14 AM
3.112.48.80,Bulgaria,Linux,Safari,6:39 PM
237.107.35.76,China,Linux,Firefox,6:23 PM
53.93.43.206,Jamaica,macOS,Safari,10:02 AM
33.59.7.98,Russia,Linux,Chrome,3:35 PM
173.235.66.102,Croatia,macOS,Chrome,2:50 AM
218.137.220.84,Andorra,macOS,Chrome,3:32 AM
220.140.75.228,Philippines,macOS,Firefox,11:00 AM
136.126.184.190,Azerbaijan,Linux,Safari,7:49 AM
82.195.215.5,China,macOS,Chrome,1:13 PM
209.194.41.133,China,Linux,Firefox,2:54 AM
70.66.250.132,Philippines,Windows,Firefox,7:52 PM
93.33.162.0,Kenya,Windows,Safari,7:40 PM
136.159.236.160,Indonesia,Windows,Firefox,6:05 AM
220.91.55.201,South Africa,Linux,Chrome,8:36 AM
19.100.17.166,Portugal,Windows,Chrome,6:54 AM
191.96.123.100,Russia,macOS,Safari,7:29 PM
239.65.5.152,Russia,macOS,Safari,3:31 AM
226.141.139.100,Ukraine,Linux,Chrome,12:55 AM
127.139.143.169,China,Linux,Firefox,7:38 AM
139.205.102.171,Saudi Arabia,Linux,Safari,5:01 AM
221.144.117.98,China,Windows,Chrome,6:42 AM
6.145.177.192,Indonesia,Linux,Safari,10:04 AM
67.198.237.194,Indonesia,Windows,Chrome,7:44 PM
60.253.235.25,Madagascar,Linux,Chrome,3:03 AM
245.55.39.247,Sweden,macOS,Chrome,1:29 AM
76.38.32.80,Iran,Windows,Chrome,7:12 PM
39.214.151.244,Russia,Windows,Chrome,2:01 PM
187.165.129.154,Russia,Linux,Firefox,12:49 AM
189.177.129.30,Indonesia,macOS,Chrome,7:02 PM
43.204.97.227,China,Linux,Safari,7:58 PM
53.67.91.58,France,Windows,Firefox,11:27 PM
176.131.129.82,Azerbaijan,Linux,Safari,9:37 AM
184.64.4.235,Indonesia,Linux,Firefox,7:46 PM
48.214.107.250,Slovenia,Windows,Chrome,7:10 PM
198.65.185.174,Russia,Windows,Safari,7:02 PM
12.31.127.35,China,Linux,Chrome,4:29 AM
229.72.17.162,Panama,Linux,Chrome,7:59 PM
149.83.253.170,China,macOS,Firefox,7:03 AM
142.15.92.207,Portugal,macOS,Firefox,5:10 AM
93.142.9.146,Philippines,Windows,Safari,10:41 PM
226.245.242.131,Venezuela,macOS,Safari,7:24 PM
170.235.215.50,Indonesia,Windows,Safari,12:38 PM
46.255.101.252,Malaysia,Windows,Firefox,3:51 AM
126.19.86.105,Indonesia,macOS,Safari,7:55 AM
146.7.213.61,China,macOS,Chrome,4:12 PM
175.37.31.222,Thailand,Windows,Safari,7:56 AM
5.235.181.8,Ukraine,macOS,Firefox,4:48 PM
163.167.189.164,Canada,macOS,Safari,3:12 PM
209.96.196.184,Philippines,Windows,Firefox,10:23 PM
216.205.35.39,Argentina,Windows,Safari,2:49 AM
56.142.255.155,Czech Republic,Linux,Safari,10:17 PM
90.207.133.212,Portugal,Windows,Chrome,9:51 PM
26.139.137.31,Peru,macOS,Chrome,9:39 PM
24.91.183.202,Philippines,Linux,Chrome,6:26 AM
43.163.217.12,Indonesia,Linux,Firefox,5:58 PM
177.83.159.193,Argentina,macOS,Chrome,12:29 AM
25.137.123.32,Argentina,Linux,Safari,3:44 PM
109.83.136.120,Indonesia,Linux,Firefox,12:32 AM
221.90.234.97,Armenia,Linux,Safari,3:08 AM
77.142.86.6,France,macOS,Safari,10:57 PM
156.71.152.37,United Kingdom,macOS,Firefox,3:55 PM
245.182.29.95,Greece,macOS,Chrome,3:00 AM
88.245.107.240,Sweden,Linux,Safari,9:50 AM
144.249.210.224,China,macOS,Chrome,11:41 PM
78.58.252.153,China,Linux,Chrome,1:32 PM
64.78.51.182,Poland,Linux,Chrome,2:23 PM
245.13.86.51,Japan,Linux,Chrome,7:46 PM
163.4.81.84,Mexico,Windows,Safari,3:37 PM
241.113.153.211,United States,Windows,Safari,7:10 AM
226.72.61.38,China,Linux,Safari,4:15 AM
219.165.67.144,China,Linux,Safari,1:25 AM
168.140.111.101,China,Windows,Chrome,12:15 AM
246.127.252.6,China,macOS,Safari,2:38 AM
248.233.221.98,Japan,macOS,Firefox,12:20 AM
70.249.49.35,Saudi Arabia,Windows,Firefox,11:19 PM
114.179.253.242,Paraguay,Linux,Safari,6:47 PM
90.144.244.109,China,Linux,Firefox,4:40 AM
51.158.206.86,China,Windows,Safari,11:45 PM
15.46.182.128,Saint Kitts and Nevis,macOS,Firefox,4:39 AM
59.182.64.12,Serbia,macOS,Safari,12:31 AM
151.49.85.228,Colombia,Linux,Chrome,8:28 PM
225.159.178.6,Spain,macOS,Safari,3:14 PM
229.167.5.161,Ukraine,macOS,Firefox,4:05 AM
141.218.41.53,Argentina,macOS,Firefox,6:53 AM
75.174.250.60,Philippines,macOS,Firefox,3:23 PM
62.177.120.57,China,macOS,Safari,2:07 AM
53.109.15.24,Poland,Windows,Chrome,11:29 PM
170.248.169.232,China,Windows,Chrome,1:24 AM
3.115.237.46,China,macOS,Safari,12:21 PM
54.95.143.121,Mexico,macOS,Firefox,10:41 PM
253.242.141.37,China,Windows,Safari,3:51 PM
220.236.37.152,Portugal,Linux,Safari,6:49 PM
143.144.159.86,Vietnam,macOS,Safari,7:00 AM
52.143.31.98,Brazil,macOS,Chrome,9:26 PM
148.192.252.244,Ireland,Linux,Safari,5:20 PM
250.105.233.222,Indonesia,Windows,Firefox,5:53 AM
176.129.141.95,Ivory Coast,Linux,Safari,7:54 PM
218.31.23.229,Uzbekistan,Linux,Safari,9:33 PM
213.17.31.54,Afghanistan,macOS,Firefox,1:35 AM
136.192.178.102,Russia,Linux,Safari,8:38 AM
145.221.153.38,Pakistan,Linux,Firefox,2:04 PM
65.35.65.107,Sweden,macOS,Firefox,11:43 AM
71.80.85.214,Russia,Windows,Chrome,1:45 AM
230.130.161.138,Venezuela,Windows,Safari,7:37 PM
137.206.85.3,Indonesia,Windows,Chrome,11:29 PM
245.152.45.58,Czech Republic,Windows,Safari,8:53 AM
239.1.119.46,Colombia,macOS,Safari,4:53 AM
164.191.166.225,Poland,macOS,Safari,9:37 AM
103.108.182.33,Canada,Windows,Safari,5:08 PM
124.87.112.173,Bulgaria,Linux,Firefox,4:57 PM
87.138.166.218,Kyrgyzstan,macOS,Firefox,12:48 PM
201.61.90.81,Mexico,Windows,Chrome,4:06 AM
162.63.32.13,Namibia,Windows,Safari,12:09 PM
239.94.78.61,Portugal,Linux,Firefox,11:12 PM
174.19.35.226,Luxembourg,macOS,Firefox,9:06 AM
196.84.182.185,Madagascar,Windows,Chrome,4:53 PM
53.237.176.94,Indonesia,macOS,Safari,6:57 PM
207.252.163.214,Netherlands,Linux,Firefox,7:27 AM
187.161.118.177,Uganda,Windows,Firefox,11:41 PM
141.200.176.175,Greece,Windows,Safari,11:08 AM
68.181.134.18,Russia,macOS,Safari,3:22 PM
89.133.72.55,China,Windows,Chrome,4:40 AM
179.66.210.139,United States,macOS,Chrome,1:22 AM
15.122.111.107,Venezuela,Windows,Chrome,8:06 PM
248.25.136.101,Canada,macOS,Firefox,9:23 AM
110.42.245.138,Philippines,Linux,Firefox,6:57 AM
38.190.148.204,Ecuador,macOS,Chrome,10:30 PM
126.124.215.193,Russia,Windows,Safari,2:53 AM
101.253.105.76,Poland,Linux,Chrome,3:08 PM
133.136.96.157,Brazil,Windows,Safari,7:47 PM
139.135.79.208,Czech Republic,macOS,Safari,2:50 PM
117.108.55.46,Indonesia,macOS,Safari,6:52 AM
39.216.149.214,Sweden,Windows,Safari,12:36 AM
25.172.58.72,Poland,Linux,Chrome,5:28 AM
50.9.24.249,Mexico,Linux,Firefox,8:58 PM
0.127.147.111,China,Windows,Safari,7:45 AM
217.21.138.197,Portugal,Linux,Safari,6:36 PM
173.207.111.59,Indonesia,Windows,Firefox,5:31 PM
209.38.190.39,Guinea,macOS,Firefox,1:12 AM
218.105.18.59,Brazil,Linux,Firefox,10:18 AM
149.240.175.214,China,Windows,Firefox,1:01 AM
177.153.96.227,Slovenia,Windows,Safari,4:37 PM
22.42.7.182,Indonesia,Windows,Safari,7:39 PM
23.163.43.255,China,macOS,Chrome,2:47 PM
132.171.224.67,China,Windows,Firefox,3:14 AM
28.153.183.5,United States,Windows,Chrome,11:39 AM
199.77.166.207,Sweden,Linux,Chrome,4:43 PM
103.102.43.241,Indonesia,macOS,Firefox,4:10 PM
54.34.245.22,Canada,Windows,Safari,6:02 AM
74.54.177.42,Argentina,macOS,Firefox,10:14 AM
34.143.176.214,Poland,macOS,Chrome,1:44 AM
216.190.125.174,China,macOS,Firefox,12:19 AM
65.136.178.254,Croatia,Linux,Chrome,10:26 AM
241.235.171.207,Malaysia,Windows,Firefox,3:30 AM
103.29.223.240,Indonesia,Windows,Safari,8:41 AM
74.163.191.179,China,Windows,Chrome,2:31 PM
34.221.187.247,Cameroon,Linux,Chrome,2:00 PM
101.95.35.225,Albania,Linux,Chrome,10:17 PM
204.142.78.17,China,Linux,Chrome,10:38 PM
67.73.155.254,Cuba,macOS,Safari,12:19 PM
186.150.99.197,Indonesia,Windows,Safari,12:35 AM
41.224.63.60,Indonesia,macOS,Firefox,4:21 PM
99.81.154.55,Indonesia,macOS,Firefox,9:04 AM
95.57.210.113,Thailand,Windows,Firefox,10:52 AM
78.82.96.88,China,Linux,Firefox,7:33 AM
111.120.57.250,China,macOS,Chrome,7:47 AM
216.233.231.176,Niger,macOS,Safari,4:24 PM
149.10.9.108,Belgium,Windows,Safari,5:05 PM
235.149.185.166,Sweden,Linux,Chrome,9:18 PM
142.101.120.20,Poland,Windows,Chrome,11:37 AM
150.101.239.89,Slovenia,Windows,Firefox,4:30 PM
150.76.110.160,United States,Linux,Firefox,9:24 AM
205.179.159.139,Venezuela,Windows,Firefox,12:10 AM
221.118.27.34,Indonesia,macOS,Chrome,6:03 PM
136.33.2.162,Indonesia,Linux,Safari,8:42 AM
248.157.19.240,Greece,Windows,Firefox,5:05 AM
174.68.223.90,Kosovo,macOS,Chrome,11:54 PM
227.110.15.193,Kazakhstan,Windows,Firefox,4:03 AM
78.192.187.195,Georgia,Linux,Safari,5:02 AM
65.144.215.151,Philippines,Windows,Safari,4:08 AM
140.194.192.184,Peru,macOS,Firefox,1:50 PM
107.118.69.161,Japan,macOS,Firefox,10:36 AM
25.159.84.78,Pakistan,macOS,Chrome,3:08 PM
254.115.150.252,Australia,Windows,Chrome,12:46 AM
142.213.168.190,China,Windows,Chrome,12:43 PM
170.138.63.8,Tanzania,macOS,Chrome,6:16 AM
18.104.91.3,China,Windows,Safari,5:07 PM
160.10.25.58,Honduras,Linux,Firefox,9:10 AM
2.76.48.210,Bulgaria,macOS,Safari,3:21 PM
5.241.133.109,Philippines,macOS,Chrome,3:16 AM
163.126.85.121,Afghanistan,macOS,Chrome,4:49 AM
190.10.24.19,United States,macOS,Safari,8:12 PM
40.202.126.64,Egypt,macOS,Chrome,3:11 AM
198.137.16.228,Philippines,Windows,Chrome,11:19 AM
124.118.234.219,Russia,macOS,Safari,7:46 AM
246.55.61.251,Mexico,Windows,Safari,3:47 AM
222.186.42.186,Indonesia,macOS,Safari,6:27 PM
230.196.31.61,Indonesia,Windows,Safari,1:39 PM
44.159.111.114,China,Linux,Chrome,1:20 AM
114.252.175.75,Russia,Linux,Firefox,1:16 PM
25.77.83.92,China,Windows,Safari,8:26 PM
77.33.78.112,Mongolia,macOS,Chrome,3:18 AM
146.203.87.134,Portugal,Linux,Firefox,3:09 PM
121.60.14.2,China,Linux,Firefox,1:05 AM
238.224.133.129,Nigeria,Windows,Chrome,7:21 AM
249.189.207.0,China,macOS,Firefox,11:10 AM
64.120.1.109,Russia,Linux,Firefox,9:15 PM
242.197.0.66,Portugal,macOS,Chrome,10:17 AM
80.135.49.183,Russia,macOS,Safari,4:22 AM
119.92.47.8,China,Windows,Chrome,1:01 PM
181.100.93.98,Ukraine,macOS,Firefox,3:39 AM
52.252.20.188,Indonesia,Linux,Firefox,4:43 AM
120.16.128.52,Philippines,Linux,Chrome,11:09 AM
55.199.147.36,Ukraine,macOS,Firefox,1:10 PM
133.99.69.49,Poland,macOS,Chrome,9:02 PM
176.171.251.37,Papua New Guinea,Windows,Chrome,1:20 PM
226.200.128.86,Canada,macOS,Safari,5:35 PM
131.208.104.175,Poland,macOS,Firefox,10:48 AM
183.25.95.164,Philippines,macOS,Safari,4:47 PM
65.239.205.239,Russia,macOS,Chrome,8:22 AM
68.119.77.193,Thailand,Linux,Firefox,12:19 PM
19.88.6.140,Indonesia,Linux,Safari,6:40 PM
90.73.155.54,China,macOS,Firefox,5:26 PM
71.52.83.151,Indonesia,Linux,Safari,5:32 PM
198.252.183.150,Albania,Windows,Firefox,10:26 AM
111.108.248.139,Indonesia,Linux,Chrome,6:00 AM
14.253.250.81,Croatia,Linux,Chrome,8:53 AM
54.34.201.13,China,Linux,Chrome,1:01 AM
120.49.210.147,Sweden,Windows,Safari,12:02 AM
3.170.103.217,Colombia,Linux,Chrome,10:26 PM
220.133.17.231,Norway,Windows,Chrome,4:11 AM
255.122.175.216,China,Linux,Firefox,2:08 AM
83.233.197.65,China,macOS,Chrome,7:57 PM
251.19.194.45,Russia,macOS,Chrome,8:07 PM
195.119.111.249,China,Linux,Firefox,7:46 PM
241.11.169.58,Libya,macOS,Safari,10:43 AM
118.16.252.43,Argentina,Linux,Chrome,9:45 AM
58.102.3.63,Colombia,Linux,Chrome,1:27 AM
177.240.155.211,Brazil,Windows,Safari,1:14 AM
252.202.34.210,Indonesia,Windows,Chrome,11:39 PM
192.79.146.16,China,macOS,Firefox,8:00 AM
115.31.247.5,Serbia,macOS,Firefox,5:39 AM
92.227.45.152,Cambodia,macOS,Firefox,10:05 PM
8.101.160.165,Indonesia,Windows,Firefox,5:26 AM
64.41.21.63,Argentina,Windows,Chrome,7:21 AM
74.204.196.151,Indonesia,Linux,Safari,7:25 PM
253.40.174.131,China,macOS,Firefox,6:54 AM
89.239.239.46,Portugal,Linux,Chrome,7:30 AM
192.192.32.151,China,Windows,Chrome,11:53 PM
174.198.202.97,Indonesia,macOS,Chrome,4:26 PM
12.142.231.30,China,Windows,Firefox,2:15 PM
50.228.6.0,Philippines,Windows,Safari,8:53 PM
118.114.212.46,China,Windows,Chrome,11:54 PM
57.149.11.22,Thailand,Linux,Chrome,10:42 AM
15.164.57.164,China,Windows,Chrome,5:13 AM
222.7.212.115,Poland,Linux,Firefox,7:25 AM
59.105.117.83,Czech Republic,Linux,Firefox,10:12 PM
74.55.82.63,Indonesia,Linux,Firefox,8:39 PM
206.227.184.172,Zimbabwe,macOS,Chrome,9:38 PM
130.206.230.186,China,Linux,Safari,4:22 PM
147.154.154.132,Ukraine,Windows,Chrome,10:31 AM
247.239.137.164,Argentina,Windows,Chrome,11:16 PM
100.170.147.230,Panama,Linux,Chrome,11:27 AM
201.194.16.84,Russia,Windows,Firefox,3:56 PM
246.22.129.162,China,Windows,Safari,8:24 PM
233.175.183.91,Philippines,Linux,Chrome,5:03 AM
137.108.225.128,Ukraine,Linux,Firefox,6:34 PM
110.74.161.149,Venezuela,Windows,Chrome,1:39 AM
225.221.188.241,Dominican Republic,macOS,Chrome,11:26 PM
220.31.15.96,Honduras,macOS,Chrome,12:09 PM
46.155.47.15,Belize,Linux,Firefox,2:27 PM
187.116.84.180,Tunisia,Windows,Firefox,11:25 PM
172.0.63.21,France,macOS,Chrome,8:03 AM
156.26.110.251,Brazil,Windows,Safari,11:01 PM
43.110.39.154,China,Linux,Safari,10:26 PM
59.144.149.42,Indonesia,macOS,Safari,1:55 AM
146.192.28.126,Georgia,Linux,Chrome,3:07 AM
167.222.48.12,Russia,macOS,Firefox,6:27 PM
77.31.217.115,Nigeria,macOS,Safari,8:28 PM
244.149.185.41,United Kingdom,Windows,Firefox,4:20 PM
233.214.85.20,Philippines,Windows,Safari,9:56 PM
176.189.177.95,Ethiopia,Windows,Chrome,5:38 PM
44.116.11.161,Philippines,Windows,Safari,3:00 AM
184.160.253.182,Nicaragua,macOS,Firefox,10:24 PM
4.27.202.88,China,Linux,Safari,5:01 PM
163.115.103.39,Indonesia,macOS,Safari,8:56 PM
153.20.188.41,Indonesia,Windows,Firefox,9:10 PM
78.71.87.199,Russia,macOS,Chrome,10:04 PM
0.24.43.157,Ecuador,Windows,Safari,8:17 AM
170.239.135.21,Sweden,macOS,Safari,6:31 AM
246.167.91.58,China,Windows,Firefox,5:13 AM
219.50.128.238,Poland,macOS,Firefox,1:34 PM
21.102.240.21,United States,Windows,Chrome,12:50 AM
241.133.5.123,Philippines,Linux,Chrome,1:50 PM
187.25.120.231,China,Windows,Firefox,2:03 PM
80.53.250.228,China,Windows,Safari,6:12 AM
43.236.31.14,China,macOS,Chrome,8:23 PM
37.37.177.11,Madagascar,Linux,Safari,11:36 PM
145.162.114.53,Cuba,Windows,Firefox,5:57 AM
106.34.144.3,Philippines,macOS,Chrome,11:00 PM
160.8.118.188,Russia,Windows,Safari,3:08 AM
74.43.222.237,China,macOS,Safari,11:23 AM
173.8.73.183,Indonesia,Windows,Chrome,5:33 AM
160.2.9.203,Portugal,Windows,Safari,8:10 PM
84.62.178.4,Honduras,Linux,Safari,3:08 AM
28.137.184.128,Argentina,macOS,Firefox,9:20 AM
184.206.148.182,Belgium,Linux,Firefox,6:32 PM
213.194.27.82,Chile,Windows,Chrome,2:15 AM
5.99.64.77,Poland,macOS,Safari,7:37 AM
45.105.77.12,France,Linux,Safari,7:41 AM
155.113.216.109,China,Windows,Safari,11:35 PM
134.129.145.132,Portugal,Windows,Firefox,7:14 AM
214.104.138.122,Mali,Linux,Chrome,11:17 PM
217.118.106.206,Tunisia,macOS,Safari,5:16 PM
3.51.216.17,Jordan,Linux,Firefox,11:39 PM
24.37.83.32,China,Windows,Chrome,3:51 AM
126.80.237.67,United States,macOS,Chrome,4:20 AM
196.151.28.111,Thailand,macOS,Chrome,11:01 PM
3.103.244.196,China,macOS,Chrome,10:56 AM
129.180.124.92,Canada,Linux,Firefox,10:52 PM
8.51.209.200,Portugal,Linux,Safari,12:55 PM
12.206.252.2,Sweden,macOS,Safari,12:01 AM
62.92.40.175,Sweden,Windows,Firefox,2:22 AM
171.17.186.173,United States,Linux,Firefox,10:49 AM
75.186.141.127,United States,Linux,Safari,5:17 AM
94.3.220.14,China,macOS,Chrome,11:50 AM
115.178.178.85,Myanmar,macOS,Chrome,9:58 PM
239.147.194.122,China,Windows,Chrome,10:59 AM
199.74.113.44,Poland,Linux,Firefox,11:24 AM
224.114.58.68,Iran,macOS,Safari,3:56 AM
67.128.193.209,Bolivia,Linux,Chrome,12:04 AM
101.73.20.214,Libya,macOS,Chrome,9:53 AM
217.207.205.201,China,Windows,Firefox,8:43 AM
197.221.246.171,Indonesia,Linux,Firefox,5:13 AM
107.146.26.76,Russia,Linux,Chrome,5:15 AM
205.117.111.146,Albania,macOS,Chrome,6:45 PM
13.104.93.5,China,macOS,Safari,8:36 AM
123.233.250.128,France,macOS,Firefox,2:46 AM
52.44.165.206,China,Linux,Chrome,12:23 PM
114.5.177.85,China,macOS,Firefox,12:17 AM
63.229.62.139,Colombia,macOS,Chrome,6:59 PM
60.186.235.204,Brazil,Linux,Firefox,5:25 PM
193.114.40.147,Japan,Linux,Safari,10:07 AM
109.17.173.48,China,macOS,Safari,6:10 PM
171.175.33.29,Iran,macOS,Firefox,2:03 PM
115.120.152.71,Indonesia,Linux,Firefox,6:10 AM
214.118.143.84,Madagascar,Linux,Safari,6:47 PM
52.202.8.61,Pakistan,Windows,Chrome,8:51 AM
10.190.110.198,China,macOS,Firefox,9:25 PM
240.119.57.115,United States,Windows,Chrome,10:28 PM
210.224.103.197,Sweden,Windows,Chrome,9:40 AM
226.149.146.183,Philippines,macOS,Firefox,9:44 AM
27.54.129.196,France,Linux,Firefox,12:27 PM
60.139.245.254,Venezuela,Windows,Chrome,7:45 PM
206.201.207.201,Micronesia,Linux,Safari,4:21 PM
192.114.151.7,Indonesia,macOS,Safari,2:21 AM
6.179.64.219,Colombia,macOS,Chrome,8:54 PM
60.37.37.172,Thailand,macOS,Firefox,5:08 PM
38.15.109.235,China,macOS,Firefox,11:16 PM
110.146.215.212,France,macOS,Firefox,9:44 AM
5.90.95.79,Colombia,macOS,Safari,2:55 AM
213.105.124.196,Philippines,macOS,Safari,4:28 PM
177.85.105.63,Germany,macOS,Chrome,6:24 AM
207.76.58.142,Belarus,macOS,Chrome,8:25 PM
115.41.41.69,Venezuela,macOS,Chrome,4:23 AM
82.14.20.183,Bolivia,macOS,Firefox,1:07 AM
233.69.149.255,Russia,Windows,Chrome,1:51 PM
109.221.216.116,Kosovo,Windows,Firefox,4:11 PM
87.50.162.21,Indonesia,Linux,Safari,8:24 PM
194.192.57.38,Indonesia,macOS,Chrome,1:41 PM
55.27.253.167,Portugal,macOS,Firefox,4:18 PM
245.111.234.32,Indonesia,macOS,Chrome,2:45 PM
222.208.16.61,Philippines,Linux,Safari,11:54 PM
245.148.216.244,Philippines,Linux,Chrome,10:41 AM
90.6.132.3,Georgia,Windows,Chrome,5:18 PM
109.205.79.185,Russia,Windows,Firefox,10:08 AM
114.204.32.72,Philippines,Linux,Firefox,8:31 PM
130.238.164.218,Czech Republic,macOS,Chrome,9:16 PM
172.25.172.81,Portugal,macOS,Chrome,1:58 AM
244.247.244.103,China,Linux,Chrome,5:15 PM
71.84.156.197,Albania,Linux,Chrome,9:23 AM
190.151.5.202,Bangladesh,macOS,Safari,5:37 PM
83.9.81.102,Burkina Faso,macOS,Firefox,10:07 AM
49.202.204.216,Poland,Linux,Chrome,8:30 PM
76.250.160.196,Philippines,Windows,Safari,1:09 AM
55.49.214.51,Poland,macOS,Chrome,5:32 PM
91.196.142.70,China,Windows,Safari,3:59 AM
163.121.85.12,Ukraine,macOS,Firefox,9:00 PM
178.134.10.241,Peru,Linux,Firefox,4:24 AM
191.206.9.117,China,Windows,Firefox,11:58 AM
211.118.131.149,China,Linux,Chrome,12:48 PM
229.153.255.52,Indonesia,Linux,Firefox,6:17 AM
118.246.91.56,Germany,Linux,Firefox,4:58 PM
118.5.251.127,China,Linux,Firefox,3:03 PM
18.3.255.166,Portugal,Windows,Chrome,7:53 AM
168.201.181.236,Czech Republic,Linux,Chrome,3:13 PM
197.220.135.179,France,Linux,Chrome,8:28 PM
233.157.6.218,Qatar,macOS,Chrome,4:58 AM
203.39.38.68,Russia,Windows,Chrome,11:12 PM
178.42.238.160,Thailand,Windows,Firefox,12:13 AM
68.221.163.172,Angola,macOS,Firefox,12:03 AM
31.226.85.94,Norway,Windows,Safari,12:10 AM
42.34.63.248,Thailand,macOS,Chrome,7:04 PM
156.1.204.173,Indonesia,Windows,Safari,4:20 PM
57.221.8.72,Indonesia,macOS,Safari,12:00 PM
174.88.122.61,Portugal,Linux,Chrome,1:32 AM
109.162.123.150,Nigeria,Linux,Safari,4:18 AM
79.143.228.95,Indonesia,macOS,Firefox,8:02 AM
37.78.103.12,Latvia,Windows,Safari,4:20 AM
119.30.137.183,Canada,macOS,Firefox,5:38 AM
72.90.53.174,Jordan,macOS,Safari,6:52 AM
215.214.47.128,China,Windows,Chrome,10:43 PM
254.126.79.60,Philippines,macOS,Safari,11:32 PM
214.69.31.190,Brazil,Windows,Chrome,12:57 PM
72.138.141.55,Philippines,macOS,Chrome,12:44 AM
56.147.189.7,Indonesia,macOS,Chrome,4:45 AM
184.108.36.247,Portugal,Windows,Safari,4:49 AM
9.124.34.202,France,macOS,Safari,11:56 AM
146.175.62.252,China,macOS,Chrome,7:26 PM
12.169.136.143,Liberia,macOS,Chrome,10:22 AM
106.186.239.253,Indonesia,macOS,Chrome,6:08 PM
