time,country,ip_address,day,operating_system,browser
5:32 AM,Sweden,131.170.157.7,tuesday,Windows,google
9:57 AM,Germany,34.253.64.211,friday,Windows,google
9:37 AM,Mexico,38.168.219.207,saturday,Linux,opera
2:07 PM,Russia,116.34.2.44,thursday,iOS,google
11:36 PM,Indonesia,63.109.106.68,saturday,Linux,opera
7:22 AM,Zambia,200.249.221.101,friday,iOS,edge
11:02 AM,Guatemala,241.0.34.99,saturday,Windows,opera
9:08 AM,Peru,211.201.51.10,wednesday,Linux,google
10:42 AM,Albania,222.58.198.173,sunday,iOS,opera
4:45 PM,Argentina,197.43.187.233,sunday,Linux,opera
5:13 AM,Philippines,234.185.160.87,friday,Linux,edge
5:32 PM,France,150.193.173.64,friday,iOS,brave
9:08 PM,Indonesia,221.86.154.167,wednesday,Linux,edge
10:50 PM,Mexico,31.206.90.164,friday,Android,brave
12:33 AM,Canada,188.33.176.162,sunday,Windows,opera
4:27 PM,Cambodia,210.166.105.102,thursday,iOS,google
7:59 PM,Israel,94.1.157.124,saturday,Android,opera
1:38 PM,Russia,98.208.61.81,thursday,iOS,google
10:53 AM,China,31.212.35.207,thursday,Windows,edge
12:36 AM,Brazil,241.144.116.83,saturday,Windows,brave
4:53 PM,Canada,158.198.175.109,monday,Android,google
9:06 AM,China,173.210.171.140,tuesday,Linux,edge
5:50 PM,Thailand,127.81.98.240,friday,Linux,brave
12:00 AM,China,235.148.199.251,thursday,Android,edge
8:12 PM,Cambodia,251.211.25.229,monday,Windows,edge
1:12 AM,Brazil,233.145.52.174,monday,Android,edge
7:09 PM,Sweden,36.176.67.74,tuesday,Windows,brave
2:06 PM,Jamaica,96.187.198.147,wednesday,iOS,edge
8:58 PM,Ukraine,152.185.10.53,tuesday,Windows,brave
3:45 AM,Philippines,47.36.178.79,monday,iOS,google
1:50 AM,Portugal,103.33.237.157,sunday,Linux,brave
2:27 PM,China,225.72.0.168,monday,iOS,google
10:35 PM,Nepal,154.151.56.126,tuesday,iOS,brave
7:59 AM,China,115.106.155.4,tuesday,Android,brave
10:48 PM,Russia,82.109.244.183,tuesday,iOS,edge
11:19 AM,Lithuania,176.251.159.223,monday,Android,edge
10:47 PM,Indonesia,232.176.245.224,sunday,iOS,google
5:08 PM,China,207.167.58.82,friday,Windows,opera
2:08 PM,Slovenia,228.54.235.141,friday,Android,edge
3:11 AM,Colombia,4.113.219.176,monday,Android,brave
12:57 PM,Indonesia,114.156.207.167,sunday,Linux,google
8:48 AM,China,25.158.230.180,monday,iOS,google
6:46 AM,China,126.240.232.85,wednesday,Linux,brave
12:30 PM,Tanzania,32.69.169.97,thursday,Windows,google
12:53 AM,China,137.103.188.164,monday,Android,edge
11:13 AM,Thailand,252.239.204.225,saturday,Linux,edge
12:42 AM,Bangladesh,155.63.190.245,saturday,iOS,brave
10:10 PM,Czech Republic,236.165.233.195,monday,Android,opera
12:53 PM,Brazil,222.194.160.62,thursday,iOS,edge
7:55 PM,Cameroon,0.13.169.52,friday,Android,opera
9:59 PM,China,158.18.43.240,friday,Windows,google
7:32 PM,Venezuela,53.38.237.140,wednesday,Android,opera
7:32 PM,Uganda,85.8.127.165,sunday,Linux,brave
12:39 PM,Poland,2.132.42.231,friday,Windows,google
1:08 PM,Brazil,134.92.37.34,monday,Android,opera
6:07 AM,Brazil,203.74.143.125,saturday,iOS,brave
3:33 AM,France,240.123.197.25,saturday,iOS,opera
2:55 AM,Brazil,30.12.136.194,monday,Linux,opera
1:52 AM,Canada,143.25.230.30,sunday,Linux,opera
1:21 PM,Spain,161.44.206.187,tuesday,Windows,opera
4:58 AM,Indonesia,181.95.226.99,monday,Windows,brave
10:06 PM,Canada,27.251.234.108,wednesday,iOS,edge
1:40 PM,Ukraine,117.150.202.237,monday,iOS,google
11:28 PM,Greece,230.115.92.47,wednesday,iOS,edge
3:06 AM,Jordan,12.213.195.221,saturday,Android,opera
10:21 AM,Canada,205.2.163.216,thursday,iOS,edge
8:17 PM,France,231.152.117.124,wednesday,Android,edge
11:03 AM,Philippines,64.160.53.15,wednesday,Android,brave
7:42 AM,Poland,52.128.40.218,monday,iOS,google
5:00 AM,Croatia,40.68.134.205,friday,Linux,opera
5:38 AM,Philippines,14.81.44.29,sunday,Android,edge
12:42 PM,Russia,112.17.37.236,saturday,Linux,opera
3:46 PM,Brazil,120.54.57.74,tuesday,Linux,edge
2:14 PM,Yemen,129.136.242.141,monday,iOS,brave
9:56 AM,China,14.111.60.43,thursday,Android,edge
2:04 AM,South Africa,9.221.250.32,tuesday,Windows,opera
10:18 AM,Belarus,197.115.83.225,friday,Linux,google
2:31 AM,Philippines,237.5.173.31,sunday,Android,google
12:17 AM,United States,189.136.156.89,friday,Linux,google
8:01 PM,Philippines,34.138.0.11,sunday,Android,google
6:40 AM,Zimbabwe,89.108.16.27,friday,Android,brave
10:24 AM,China,50.19.74.202,wednesday,Android,edge
5:34 PM,Cameroon,149.97.105.148,friday,Android,google
12:38 PM,Finland,250.144.239.30,tuesday,iOS,edge
9:52 PM,China,52.62.117.80,monday,Android,brave
10:01 PM,Egypt,183.167.131.189,sunday,Android,google
7:48 AM,Poland,59.10.203.163,sunday,Linux,opera
1:54 PM,Russia,83.160.154.22,sunday,Linux,opera
12:12 PM,Brazil,68.101.195.24,saturday,Android,brave
11:18 PM,Netherlands,230.106.51.218,sunday,iOS,google
8:04 AM,Ukraine,54.24.208.186,sunday,Linux,google
2:05 AM,Indonesia,238.187.50.93,tuesday,iOS,google
10:20 PM,Canada,72.178.248.13,wednesday,Windows,google
12:28 PM,Chile,238.78.31.218,monday,Linux,brave
4:30 PM,Nicaragua,57.2.217.58,monday,iOS,brave
11:41 AM,Indonesia,241.162.156.166,friday,Android,opera
3:01 AM,China,32.74.217.1,saturday,Android,edge
4:47 AM,Czech Republic,81.55.69.155,friday,Linux,google
7:19 PM,South Africa,252.81.250.198,saturday,iOS,edge
7:50 PM,Pakistan,236.0.179.68,friday,iOS,brave
10:05 PM,Ukraine,249.254.65.156,sunday,Android,opera
9:48 PM,Poland,90.236.201.38,sunday,Android,opera
12:37 PM,Indonesia,205.135.126.234,monday,iOS,brave
12:03 AM,China,131.219.254.175,friday,Linux,opera
11:27 PM,Japan,131.212.70.194,wednesday,iOS,brave
12:13 AM,Brazil,28.116.186.110,saturday,Windows,opera
12:02 AM,China,223.114.196.81,sunday,Windows,brave
12:13 AM,Ukraine,166.149.228.169,saturday,Android,brave
5:02 AM,Brazil,85.44.135.56,sunday,Android,brave
7:15 AM,China,5.62.103.166,sunday,iOS,edge
6:54 PM,Serbia,156.83.242.181,saturday,Android,edge
1:55 AM,Indonesia,12.92.48.173,monday,Linux,brave
5:34 PM,Ukraine,41.189.100.103,saturday,Windows,opera
7:22 PM,China,209.238.171.37,tuesday,Linux,edge
12:21 PM,Argentina,31.178.11.82,friday,iOS,google
3:43 AM,Kyrgyzstan,242.211.95.158,monday,iOS,google
3:03 PM,Kazakhstan,78.14.47.241,wednesday,Linux,brave
6:33 AM,Brazil,11.185.163.25,tuesday,Android,brave
5:47 AM,Lithuania,187.33.188.16,tuesday,iOS,google
12:26 PM,Lithuania,234.199.112.81,tuesday,Linux,opera
9:46 PM,Brazil,172.119.127.203,friday,iOS,edge
9:10 AM,Latvia,69.7.223.43,saturday,iOS,opera
3:32 AM,Croatia,3.182.118.197,monday,Android,edge
8:43 PM,Belarus,158.198.140.144,friday,Windows,brave
11:47 PM,Spain,241.124.194.165,monday,iOS,google
3:09 PM,Mexico,124.177.219.75,sunday,Windows,brave
9:53 PM,China,57.133.174.181,friday,Windows,google
2:00 PM,Zimbabwe,85.40.199.135,sunday,iOS,edge
2:07 PM,Indonesia,14.76.204.255,monday,iOS,brave
2:57 AM,China,148.32.203.95,saturday,Windows,opera
10:08 AM,Ukraine,151.145.190.227,saturday,Linux,opera
8:44 AM,Indonesia,129.28.37.237,wednesday,iOS,brave
2:53 PM,China,196.178.33.33,wednesday,Linux,opera
7:05 PM,Cameroon,0.85.79.89,wednesday,Windows,edge
11:42 AM,Japan,123.86.191.128,friday,iOS,google
4:24 AM,Ivory Coast,39.102.245.167,monday,Linux,edge
1:49 PM,China,79.9.49.159,monday,iOS,opera
4:48 PM,Indonesia,14.51.28.218,sunday,Android,edge
9:07 PM,Uganda,64.229.181.5,monday,Linux,opera
8:24 AM,Philippines,63.133.54.207,tuesday,Android,edge
11:46 PM,Russia,101.153.5.58,wednesday,Windows,edge
12:23 AM,Argentina,220.105.137.164,friday,Windows,edge
7:26 AM,Brazil,154.205.228.152,wednesday,Windows,edge
7:08 AM,Bangladesh,58.46.175.207,sunday,Windows,google
12:30 PM,Cuba,211.161.185.74,friday,iOS,opera
1:25 PM,Thailand,167.101.216.45,thursday,Linux,opera
12:09 AM,Russia,76.6.96.160,sunday,Linux,brave
1:46 PM,Nigeria,61.153.125.199,monday,Linux,brave
12:23 PM,Philippines,28.180.143.83,wednesday,Windows,google
9:21 AM,Ukraine,193.89.135.249,monday,Windows,brave
9:08 PM,China,84.17.178.223,wednesday,Windows,edge
9:33 AM,Greece,45.230.62.126,thursday,iOS,edge
7:32 AM,Portugal,241.215.223.91,tuesday,iOS,brave
1:40 AM,Thailand,6.115.172.205,monday,iOS,google
1:55 PM,Portugal,207.48.156.54,wednesday,Android,brave
4:48 PM,China,59.180.99.183,wednesday,Android,google
2:00 PM,Indonesia,218.118.31.227,monday,Linux,edge
12:42 PM,Lesotho,40.176.133.95,thursday,iOS,edge
3:44 AM,Poland,222.147.10.223,friday,Android,google
3:07 AM,Serbia,228.164.180.225,friday,Linux,edge
2:35 PM,Philippines,179.174.79.128,friday,Linux,opera
5:05 PM,South Africa,140.4.135.54,monday,iOS,edge
8:49 PM,United States,124.115.193.91,friday,iOS,brave
12:35 PM,Palestinian Territory,131.203.225.100,wednesday,iOS,opera
10:48 PM,Ukraine,64.190.25.143,sunday,Windows,brave
1:19 AM,Israel,143.137.242.48,thursday,iOS,brave
6:24 PM,Russia,146.42.20.109,sunday,Windows,brave
1:26 AM,China,43.25.200.81,wednesday,Android,opera
9:54 PM,Morocco,218.135.168.60,sunday,Linux,google
12:51 PM,Chile,13.215.43.213,thursday,Linux,edge
6:17 AM,China,179.76.19.45,sunday,Android,brave
7:49 AM,Myanmar,191.55.255.212,friday,iOS,opera
12:30 AM,Finland,133.60.121.178,wednesday,Android,opera
9:41 PM,China,125.62.69.218,tuesday,iOS,brave
11:20 AM,Peru,245.41.237.210,saturday,Android,google
11:14 PM,China,124.142.70.26,monday,Windows,brave
6:09 AM,Jamaica,23.241.233.145,thursday,Windows,edge
12:16 PM,Russia,148.95.247.30,monday,Android,edge
2:16 PM,Indonesia,250.71.240.160,monday,iOS,google
11:00 PM,Russia,138.78.200.210,saturday,Linux,brave
1:57 AM,Brazil,255.24.100.115,thursday,Android,edge
9:37 AM,Japan,25.49.189.99,thursday,iOS,edge
11:43 PM,Philippines,220.192.98.127,friday,Linux,brave
4:52 PM,China,245.38.194.185,thursday,iOS,opera
3:24 PM,China,78.68.121.6,friday,Linux,opera
11:06 PM,Indonesia,198.62.140.9,friday,Android,brave
3:19 AM,China,246.68.72.110,saturday,Android,edge
6:59 AM,Kazakhstan,44.97.110.118,saturday,iOS,opera
12:47 PM,China,7.130.74.40,sunday,iOS,google
4:45 PM,Vietnam,241.134.43.231,wednesday,Linux,brave
8:28 AM,Russia,89.71.102.50,sunday,Windows,brave
3:48 PM,Poland,22.224.158.30,wednesday,Linux,brave
9:39 PM,Latvia,240.213.204.188,thursday,Android,brave
2:41 AM,China,43.201.193.157,wednesday,Android,brave
4:05 PM,Japan,14.226.185.186,friday,Linux,brave
9:17 PM,China,140.63.238.99,thursday,iOS,opera
8:03 AM,Brazil,111.141.228.43,wednesday,iOS,brave
1:18 PM,Indonesia,5.112.184.234,saturday,Linux,opera
9:55 AM,Costa Rica,21.59.109.254,friday,Linux,edge
8:02 AM,Albania,242.156.218.79,thursday,Windows,opera
2:07 AM,Egypt,18.17.65.221,tuesday,Android,opera
12:27 AM,Thailand,249.150.115.244,friday,Windows,edge
4:52 AM,Indonesia,214.32.201.91,monday,iOS,edge
2:52 AM,China,28.88.88.178,monday,iOS,google
11:53 PM,China,192.120.209.250,monday,Windows,brave
10:44 PM,China,157.41.250.65,wednesday,iOS,brave
7:20 AM,Peru,49.116.19.204,friday,Windows,google
9:17 AM,Egypt,248.145.236.143,friday,iOS,brave
4:14 PM,Portugal,184.245.229.68,tuesday,Android,edge
1:35 AM,China,43.142.31.121,sunday,Android,google
10:42 PM,China,62.61.245.112,monday,Android,google
4:25 PM,Portugal,67.227.131.133,wednesday,Linux,opera
7:37 AM,Sweden,171.203.154.82,friday,Android,opera
11:15 PM,Tunisia,37.202.58.86,saturday,iOS,google
9:00 AM,Philippines,172.119.61.41,friday,Android,brave
12:16 PM,Australia,26.30.80.143,monday,Linux,edge
11:56 AM,Indonesia,196.223.228.32,friday,Linux,google
9:23 PM,China,110.25.69.208,wednesday,Android,opera
9:48 AM,Thailand,47.179.5.14,tuesday,Linux,google
6:42 AM,France,59.245.232.127,wednesday,Linux,brave
10:03 PM,United States,205.80.95.54,saturday,Linux,opera
7:19 AM,Russia,152.200.148.79,saturday,Android,edge
2:42 PM,Cuba,104.83.63.94,saturday,Windows,google
5:27 AM,Bolivia,48.132.200.129,wednesday,iOS,edge
5:48 AM,Philippines,170.5.191.188,wednesday,Windows,brave
10:11 PM,Honduras,254.68.11.153,monday,Windows,opera
10:40 PM,Sweden,218.11.91.130,friday,iOS,brave
10:50 PM,Luxembourg,53.2.23.170,monday,iOS,brave
6:33 AM,Democratic Republic of the Congo,233.103.182.153,friday,Windows,opera
9:02 AM,Philippines,218.75.178.44,thursday,iOS,edge
4:46 PM,Ukraine,251.129.230.188,friday,Android,edge
10:57 AM,Poland,200.195.213.235,monday,Android,edge
11:11 AM,China,249.226.249.89,tuesday,Windows,opera
9:51 AM,Indonesia,99.137.224.208,friday,Windows,edge
9:28 AM,Indonesia,35.251.61.223,monday,Windows,google
12:47 AM,Burkina Faso,30.31.30.22,thursday,Android,opera
7:01 PM,South Africa,137.178.198.159,thursday,Linux,edge
2:04 AM,Colombia,104.203.206.122,wednesday,Linux,opera
11:59 AM,Mayotte,43.186.157.52,sunday,Windows,edge
7:18 AM,Japan,158.240.70.23,wednesday,iOS,google
5:04 AM,United States,199.159.63.201,tuesday,iOS,google
11:21 PM,Indonesia,160.127.206.249,monday,Windows,google
12:48 PM,United States,98.166.75.62,saturday,Linux,brave
1:39 AM,Belarus,86.194.244.1,sunday,iOS,google
10:57 PM,Indonesia,214.227.190.255,sunday,Linux,brave
1:54 PM,Portugal,47.72.2.3,thursday,Linux,edge
3:05 PM,Russia,173.55.254.252,tuesday,Windows,edge
3:45 PM,Canada,218.59.4.36,monday,Linux,google
7:25 AM,Russia,19.12.26.107,friday,Linux,edge
9:34 AM,Portugal,132.100.72.232,thursday,iOS,brave
8:41 AM,China,44.24.18.137,friday,iOS,opera
10:40 PM,Peru,10.7.167.217,tuesday,Windows,edge
9:14 PM,Poland,8.71.84.86,wednesday,Windows,brave
6:33 AM,Poland,90.120.134.251,tuesday,Android,opera
8:03 AM,China,250.183.131.128,wednesday,Windows,edge
7:36 PM,Mongolia,244.38.226.190,friday,Linux,edge
5:46 AM,France,68.140.224.120,wednesday,Linux,edge
7:28 PM,Philippines,124.148.201.136,monday,Windows,edge
2:29 PM,Jordan,230.46.172.55,sunday,Android,opera
2:48 AM,Mexico,6.6.53.110,wednesday,Windows,brave
8:35 AM,Nigeria,94.176.17.183,wednesday,iOS,google
3:14 PM,Indonesia,65.110.244.26,friday,Linux,opera
8:35 PM,Netherlands,103.180.61.104,sunday,iOS,opera
6:10 PM,Poland,63.203.234.71,sunday,Windows,opera
11:50 AM,Philippines,230.17.81.123,sunday,Windows,google
12:24 PM,China,195.24.177.176,monday,Windows,opera
12:26 AM,Brazil,170.37.175.68,wednesday,Linux,google
4:16 PM,China,252.161.226.86,sunday,Windows,brave
8:41 PM,China,138.238.89.5,wednesday,Android,google
3:08 AM,Poland,254.129.79.26,wednesday,Android,brave
12:14 PM,Belgium,42.142.119.123,saturday,Linux,edge
2:57 PM,Ukraine,160.73.209.197,tuesday,iOS,opera
6:08 AM,Sweden,48.134.162.254,wednesday,Android,edge
11:31 PM,Luxembourg,54.100.141.48,sunday,iOS,google
11:28 AM,Philippines,80.123.43.166,friday,Windows,opera
2:26 PM,Portugal,80.103.165.103,friday,Linux,opera
4:55 PM,Brazil,100.225.248.198,monday,iOS,google
7:27 PM,Poland,179.227.56.25,monday,Linux,opera
9:13 PM,Ireland,49.108.63.55,friday,Android,google
12:15 PM,China,43.70.164.186,tuesday,iOS,google
6:54 AM,China,79.28.114.137,wednesday,iOS,brave
11:51 PM,Venezuela,199.76.6.50,monday,Windows,opera
4:00 AM,China,244.200.133.218,sunday,iOS,edge
12:54 AM,Israel,4.192.173.35,monday,iOS,google
3:54 PM,Indonesia,244.61.9.209,saturday,Android,google
7:46 AM,Indonesia,20.181.23.24,tuesday,Windows,opera
1:25 AM,Indonesia,117.159.124.174,tuesday,Windows,edge
7:02 PM,Peru,119.143.167.225,tuesday,Linux,google
2:20 AM,Iran,155.246.137.253,sunday,Windows,google
11:47 AM,China,114.27.128.200,sunday,Android,opera
1:30 AM,Indonesia,143.222.17.172,sunday,Linux,opera
12:41 AM,Greece,197.152.18.127,wednesday,iOS,edge
4:12 PM,Dominican Republic,43.45.147.58,sunday,Android,brave
10:06 PM,China,123.186.73.207,thursday,Linux,brave
5:27 AM,Cameroon,63.2.190.145,monday,Linux,opera
6:27 AM,Mongolia,115.90.97.74,sunday,Linux,opera
5:21 PM,Yemen,162.104.73.51,saturday,Android,brave
7:07 PM,Indonesia,206.55.206.46,wednesday,Windows,brave
2:43 PM,Sweden,136.213.115.148,thursday,Linux,opera
6:02 PM,Japan,117.5.221.25,friday,Linux,opera
8:00 PM,Canada,166.20.72.248,friday,Android,google
7:39 AM,Greece,67.115.133.32,sunday,Android,edge
9:08 AM,China,45.201.4.142,friday,Windows,opera
6:31 PM,China,23.127.151.224,wednesday,Linux,edge
8:41 AM,Russia,209.158.48.86,tuesday,Linux,brave
11:30 AM,United States,206.85.253.193,wednesday,Android,brave
11:26 PM,Ukraine,59.141.238.105,tuesday,Linux,opera
8:25 PM,Thailand,122.56.99.228,saturday,Linux,opera
12:19 AM,Belarus,163.137.129.189,thursday,iOS,edge
3:46 PM,Indonesia,255.107.144.219,sunday,Android,opera
10:59 AM,Kazakhstan,209.123.0.185,wednesday,Windows,brave
3:59 PM,China,52.228.46.44,friday,iOS,opera
1:18 PM,China,239.189.198.85,saturday,Windows,brave
1:07 PM,Poland,125.34.211.154,monday,Android,google
12:06 PM,Canada,191.56.39.121,friday,Linux,google
6:58 PM,Philippines,253.224.122.43,saturday,Linux,brave
6:39 PM,Palestinian Territory,43.77.73.4,sunday,Android,brave
4:01 AM,Indonesia,237.7.42.132,tuesday,Windows,google
11:46 AM,Ivory Coast,63.129.96.13,monday,Windows,edge
5:19 AM,China,245.145.41.196,thursday,Android,edge
4:40 PM,Russia,66.20.105.96,tuesday,Windows,google
3:32 AM,Philippines,245.106.66.143,saturday,Linux,brave
10:22 AM,China,9.197.244.246,tuesday,Android,google
10:00 PM,France,225.144.248.132,sunday,Android,brave
4:18 AM,Sweden,34.163.56.8,sunday,Android,brave
9:42 PM,Canada,168.127.239.247,wednesday,Linux,google
9:52 PM,China,193.78.4.252,friday,Linux,google
1:42 PM,Brazil,242.12.18.209,tuesday,Linux,brave
1:02 AM,Russia,232.247.166.247,wednesday,Android,opera
6:00 PM,Sweden,91.195.184.72,tuesday,Linux,edge
3:02 AM,Russia,220.188.74.180,sunday,Linux,brave
8:04 PM,Cameroon,242.93.44.239,thursday,Android,brave
2:23 AM,Guatemala,173.142.216.198,friday,Linux,google
4:03 AM,China,1.245.154.137,wednesday,iOS,google
5:15 PM,Greece,26.125.73.101,monday,Android,brave
1:52 PM,El Salvador,65.39.175.40,saturday,Windows,opera
9:36 AM,Portugal,182.36.56.201,thursday,Windows,edge
4:42 PM,Indonesia,226.141.86.12,saturday,Windows,brave
7:17 AM,Sweden,54.125.155.175,tuesday,Android,opera
10:10 AM,Palestinian Territory,60.214.227.98,monday,Windows,edge
8:33 PM,Syria,101.156.9.206,wednesday,iOS,edge
2:22 PM,Brazil,180.223.120.138,tuesday,Android,edge
4:30 AM,China,242.157.14.131,tuesday,Android,google
8:59 AM,Albania,41.127.224.232,sunday,Windows,brave
4:17 AM,China,30.126.235.5,thursday,Windows,opera
12:35 AM,Indonesia,115.151.199.193,saturday,Windows,google
7:28 PM,China,62.106.147.24,wednesday,Windows,google
3:43 AM,Ukraine,16.110.44.235,saturday,Windows,google
2:08 PM,Finland,67.56.135.130,saturday,Linux,opera
7:54 AM,China,203.179.201.175,thursday,Android,brave
4:40 PM,Western Sahara,110.191.52.205,thursday,iOS,edge
6:17 PM,China,104.8.233.88,wednesday,Android,google
6:34 PM,Colombia,155.99.195.7,tuesday,Linux,google
10:17 AM,China,62.137.17.93,thursday,Linux,opera
4:27 PM,Philippines,79.202.96.99,wednesday,Windows,edge
10:47 AM,Philippines,187.12.106.88,sunday,Android,brave
8:51 PM,New Zealand,192.128.53.206,sunday,iOS,opera
4:18 AM,France,173.69.174.190,friday,iOS,google
3:47 AM,Bulgaria,180.82.1.234,wednesday,Android,brave
3:57 PM,Argentina,100.159.165.11,thursday,Windows,edge
7:37 AM,China,195.177.156.216,thursday,Windows,edge
3:16 PM,Niger,108.15.198.157,wednesday,Android,google
10:40 AM,Indonesia,56.100.246.47,monday,Linux,google
7:23 PM,Russia,165.98.102.69,wednesday,iOS,google
6:51 PM,China,218.164.138.216,thursday,Linux,brave
4:26 PM,Indonesia,16.248.218.120,monday,Android,brave
10:18 PM,Indonesia,82.83.200.61,sunday,Linux,google
1:47 AM,Portugal,125.118.127.218,sunday,Android,google
9:07 PM,Canada,124.248.215.175,friday,Linux,opera
12:13 AM,Slovenia,49.167.111.221,wednesday,Android,google
4:47 AM,Georgia,82.180.241.247,thursday,Linux,brave
6:35 PM,Vietnam,221.109.103.47,monday,Windows,edge
10:06 PM,Cuba,194.109.136.213,monday,Android,edge
2:05 PM,Finland,90.132.233.33,monday,Windows,edge
1:32 PM,Indonesia,18.126.187.20,monday,Linux,google
6:30 AM,Indonesia,127.84.134.247,monday,Android,google
8:34 AM,Comoros,31.13.86.20,tuesday,Linux,edge
8:31 AM,China,133.14.167.247,thursday,Android,google
7:17 PM,China,127.132.31.68,thursday,Android,opera
3:42 PM,Colombia,166.228.229.62,wednesday,Linux,opera
10:12 PM,China,135.181.40.35,sunday,Android,brave
4:55 PM,Bahrain,219.39.39.42,thursday,Windows,edge
9:20 AM,France,109.110.255.4,saturday,Windows,opera
11:15 PM,Germany,130.41.149.99,saturday,Windows,google
11:56 PM,Philippines,235.126.135.194,tuesday,Android,brave
12:28 AM,Canada,145.139.230.215,thursday,Linux,edge
2:40 PM,Yemen,174.75.81.101,wednesday,iOS,edge
3:40 AM,Indonesia,80.37.93.216,monday,iOS,opera
5:36 AM,Malaysia,224.1.127.212,tuesday,Linux,brave
2:08 PM,Portugal,133.56.9.59,wednesday,Linux,opera
2:09 AM,Venezuela,48.34.199.122,friday,iOS,opera
9:41 AM,Cape Verde,42.40.77.92,thursday,Linux,google
1:05 PM,Russia,34.130.242.230,wednesday,Android,brave
10:59 PM,Armenia,50.139.80.84,sunday,Linux,brave
2:30 AM,China,45.10.1.53,wednesday,Linux,brave
7:46 PM,Bhutan,188.99.101.225,friday,Android,brave
1:58 AM,Angola,205.170.229.91,saturday,iOS,google
1:34 PM,Iran,239.226.156.94,monday,Android,brave
12:44 AM,Ivory Coast,67.50.53.199,saturday,Android,brave
5:19 PM,Colombia,230.72.228.180,sunday,Linux,opera
2:22 AM,China,118.40.211.62,monday,Linux,edge
8:47 PM,Brazil,181.180.194.4,saturday,Android,opera
10:44 PM,Indonesia,203.197.176.157,tuesday,Android,opera
9:54 AM,Norway,203.110.202.70,tuesday,iOS,opera
10:54 PM,China,97.93.208.214,sunday,Android,edge
10:01 AM,Azerbaijan,70.15.139.159,thursday,Windows,edge
11:07 PM,Russia,18.85.77.194,sunday,Linux,edge
2:08 AM,Czech Republic,119.124.45.106,sunday,iOS,google
7:19 AM,Guatemala,141.252.255.81,friday,Android,edge
1:40 PM,Finland,224.237.114.158,tuesday,Windows,opera
3:57 PM,Kenya,66.197.228.58,wednesday,Windows,opera
12:47 AM,Ukraine,218.69.42.233,thursday,Linux,opera
4:01 AM,Russia,244.75.134.70,saturday,Linux,opera
10:03 AM,Albania,199.255.169.172,saturday,Android,opera
8:22 PM,China,80.156.5.244,wednesday,Linux,brave
3:42 PM,Philippines,12.172.146.199,wednesday,Android,google
2:31 PM,Bangladesh,219.193.218.50,friday,Windows,edge
4:54 PM,Spain,66.146.68.78,monday,Linux,edge
10:22 AM,China,12.33.195.34,thursday,Android,google
12:55 PM,Japan,241.255.61.91,monday,Windows,opera
9:47 AM,China,184.87.205.241,thursday,Linux,opera
10:37 AM,China,72.252.61.109,monday,Android,google
10:13 AM,Portugal,244.245.79.176,thursday,Android,opera
9:29 AM,Colombia,2.121.55.245,sunday,iOS,brave
2:48 PM,China,229.51.216.36,wednesday,Linux,brave
11:17 AM,Czech Republic,133.90.16.126,monday,iOS,brave
10:02 PM,Sierra Leone,145.127.210.39,tuesday,Android,google
2:27 AM,China,44.183.92.142,tuesday,Windows,brave
2:58 AM,Mexico,141.77.121.194,tuesday,Windows,brave
2:00 AM,Albania,229.180.142.185,monday,Android,google
6:18 PM,Czech Republic,8.134.49.32,saturday,Android,opera
9:08 AM,Iran,54.148.145.158,friday,Windows,edge
2:05 AM,China,179.36.52.61,sunday,Linux,brave
6:25 PM,Dominican Republic,132.142.91.36,monday,iOS,edge
7:17 AM,China,233.85.56.6,wednesday,iOS,brave
8:48 AM,Thailand,83.216.140.240,sunday,Linux,google
1:22 AM,Czech Republic,114.73.152.49,tuesday,iOS,google
7:24 PM,China,209.27.204.128,friday,iOS,google
10:44 PM,Brazil,149.223.40.11,friday,Linux,brave
12:51 PM,New Zealand,153.239.13.171,tuesday,Linux,opera
5:54 PM,Indonesia,127.198.40.53,wednesday,Linux,brave
11:14 AM,China,199.79.79.57,wednesday,iOS,google
11:43 PM,France,255.145.70.224,wednesday,Android,google
7:25 AM,Slovenia,217.120.68.55,friday,iOS,brave
8:10 PM,New Zealand,227.66.205.172,wednesday,Linux,google
10:09 PM,Lithuania,17.44.182.115,wednesday,Windows,brave
7:46 AM,Indonesia,147.152.206.10,saturday,Android,edge
6:50 AM,Japan,201.5.72.187,saturday,iOS,edge
11:31 PM,Norway,218.76.72.8,thursday,Linux,edge
6:41 PM,Panama,115.103.21.77,sunday,Android,edge
1:46 AM,Syria,21.75.26.244,saturday,Windows,google
7:04 AM,Tanzania,73.197.107.190,thursday,iOS,opera
11:27 AM,United States,255.211.249.200,friday,iOS,brave
12:45 PM,Sweden,246.133.145.226,tuesday,Linux,brave
7:33 AM,China,85.105.74.251,saturday,iOS,opera
11:44 PM,Mongolia,44.66.173.216,sunday,Windows,google
1:15 PM,Sweden,81.152.218.99,monday,Android,brave
7:48 PM,Brazil,14.128.229.50,sunday,Windows,brave
6:29 AM,Chad,80.254.130.202,sunday,iOS,brave
7:26 PM,Bosnia and Herzegovina,31.206.228.213,wednesday,Android,google
7:56 PM,China,199.223.65.188,saturday,Linux,opera
1:32 PM,Pakistan,176.208.83.169,tuesday,Windows,edge
3:52 AM,Russia,190.80.80.180,saturday,iOS,google
6:41 AM,Greece,162.76.51.3,friday,Linux,opera
3:39 AM,Ghana,208.200.211.105,tuesday,Windows,google
10:01 AM,Vietnam,58.30.50.77,wednesday,Android,google
12:32 PM,Spain,32.52.121.102,saturday,Android,google
6:21 PM,Syria,22.16.58.1,saturday,iOS,brave
3:36 PM,Indonesia,8.224.115.252,saturday,Android,brave
1:19 PM,Democratic Republic of the Congo,148.119.8.224,monday,iOS,edge
6:49 PM,Russia,148.50.150.225,wednesday,Android,opera
11:17 AM,Yemen,90.179.52.241,saturday,iOS,brave
2:09 PM,Brazil,210.205.225.82,wednesday,iOS,opera
6:22 PM,China,70.250.107.73,saturday,Linux,brave
9:21 AM,Bulgaria,131.215.8.170,saturday,iOS,brave
8:28 PM,France,153.179.64.15,saturday,iOS,edge
5:33 AM,Russia,147.214.217.57,tuesday,iOS,brave
10:42 AM,Mexico,14.84.93.221,friday,Android,google
3:42 PM,Denmark,171.47.76.85,sunday,Linux,edge
5:22 PM,Indonesia,2.114.206.45,wednesday,iOS,edge
3:27 AM,Portugal,213.254.186.63,tuesday,Linux,edge
7:02 PM,China,87.220.116.238,friday,Android,brave
3:39 AM,Colombia,106.34.185.78,wednesday,Android,opera
4:57 AM,Portugal,141.223.24.80,sunday,Windows,opera
1:29 PM,Serbia,201.36.254.163,wednesday,iOS,brave
7:11 AM,China,248.97.252.34,thursday,Android,brave
2:30 AM,United States,173.0.143.213,monday,Linux,opera
1:11 PM,Democratic Republic of the Congo,101.78.230.128,thursday,iOS,opera
9:41 AM,Poland,148.25.83.21,thursday,Windows,brave
6:23 AM,South Africa,188.40.212.161,thursday,iOS,opera
7:44 AM,China,238.214.212.78,saturday,Android,google
2:06 PM,Brazil,105.140.208.41,sunday,Windows,brave
4:28 AM,Philippines,87.8.107.247,thursday,Android,edge
8:26 PM,Indonesia,59.209.171.166,thursday,iOS,brave
12:42 AM,Finland,52.103.54.75,friday,iOS,opera
7:21 AM,Albania,42.162.23.47,sunday,Linux,edge
4:25 PM,Philippines,187.158.223.91,tuesday,Android,opera
3:49 AM,United States,176.88.192.168,friday,Windows,google
2:12 PM,Portugal,19.197.38.220,tuesday,iOS,google
5:09 AM,China,179.26.193.181,monday,Android,brave
10:13 AM,Brazil,169.22.71.54,sunday,Android,opera
1:56 AM,China,35.148.228.84,monday,Linux,opera
10:20 AM,Indonesia,87.97.253.171,friday,Linux,edge
3:36 AM,France,26.13.118.74,tuesday,Windows,opera
6:39 PM,Portugal,127.16.172.82,saturday,Android,edge
5:40 PM,Vietnam,129.49.12.214,sunday,Windows,google
7:11 PM,Egypt,238.77.149.54,wednesday,iOS,google
9:45 AM,Yemen,234.145.245.205,friday,iOS,google
6:03 PM,Cuba,221.112.62.192,friday,Linux,brave
8:15 PM,United States,173.64.19.207,thursday,Windows,google
9:17 AM,Mexico,42.68.244.76,saturday,Windows,google
5:53 PM,China,151.227.30.191,wednesday,Linux,edge
9:20 AM,Poland,134.89.102.182,sunday,Linux,google
6:10 PM,China,135.202.134.35,sunday,Linux,google
8:59 AM,Netherlands,219.127.43.172,saturday,Windows,edge
3:25 PM,Brazil,85.185.220.61,sunday,Android,edge
1:49 PM,Ireland,150.111.122.13,wednesday,Windows,opera
10:21 AM,Argentina,6.12.53.62,sunday,Linux,opera
12:37 AM,Morocco,129.56.146.56,thursday,Windows,brave
5:57 PM,Saint Vincent and the Grenadines,253.132.121.105,sunday,Windows,opera
11:17 PM,Bulgaria,4.134.88.114,friday,Windows,google
12:14 AM,Albania,147.66.24.50,thursday,Linux,edge
7:08 PM,Colombia,249.219.118.82,thursday,Windows,brave
11:31 AM,Latvia,9.1.94.206,thursday,Android,edge
7:47 AM,France,209.43.62.65,monday,Android,google
8:22 PM,Russia,123.231.52.203,friday,Android,opera
9:13 AM,Sweden,199.249.203.207,monday,iOS,brave
2:31 AM,Indonesia,219.127.164.119,tuesday,Linux,edge
11:35 PM,China,227.204.163.173,monday,iOS,opera
12:23 AM,Poland,5.126.86.204,sunday,Linux,brave
3:11 PM,Brazil,245.1.33.146,friday,Android,google
9:44 PM,Mexico,33.235.123.93,wednesday,Windows,google
9:23 PM,Poland,228.60.2.220,tuesday,Linux,google
11:25 PM,Russia,39.14.238.53,friday,Android,brave
8:02 PM,Argentina,153.143.217.200,sunday,Windows,opera
3:29 AM,China,55.64.103.244,sunday,iOS,opera
8:05 PM,Indonesia,74.178.119.64,friday,Android,edge
1:08 PM,United States,89.240.96.168,saturday,Android,brave
3:13 PM,China,21.62.96.28,monday,Windows,opera
6:09 AM,China,116.48.245.191,friday,Windows,edge
8:47 AM,Poland,192.124.208.101,sunday,Windows,edge
8:17 AM,Panama,166.193.107.42,friday,iOS,brave
5:16 AM,Mexico,74.44.203.161,saturday,Linux,opera
2:13 AM,Bahamas,105.145.153.183,thursday,iOS,google
4:55 AM,Niger,140.232.221.3,friday,Linux,edge
10:27 PM,Indonesia,111.74.54.132,tuesday,iOS,edge
8:01 PM,Brazil,185.84.66.139,wednesday,Windows,brave
5:20 PM,Macedonia,112.252.9.201,wednesday,Android,google
4:13 AM,Latvia,92.185.92.13,sunday,Windows,edge
11:50 PM,Portugal,217.120.157.242,monday,Linux,google
9:15 PM,Armenia,232.169.147.80,wednesday,Linux,opera
6:36 AM,China,236.160.70.251,wednesday,Windows,edge
3:12 AM,Canada,125.35.244.181,wednesday,Windows,opera
3:26 AM,Russia,201.251.40.205,saturday,iOS,edge
2:45 PM,Philippines,79.87.81.96,wednesday,Android,opera
10:43 PM,Russia,111.58.79.129,monday,Linux,edge
11:53 AM,China,183.233.1.206,saturday,iOS,edge
1:19 PM,Peru,236.40.175.38,tuesday,Linux,google
9:33 PM,Bangladesh,24.160.190.5,tuesday,Linux,opera
11:31 PM,Russia,20.129.96.30,friday,Linux,google
2:59 AM,Uzbekistan,141.187.252.109,tuesday,Android,opera
4:05 AM,Azerbaijan,79.80.55.200,tuesday,Linux,opera
3:12 PM,Greece,167.63.97.29,wednesday,iOS,google
10:53 AM,Indonesia,31.252.15.34,sunday,Android,edge
7:40 PM,Brazil,143.227.182.104,thursday,Windows,edge
9:00 PM,Mexico,75.112.252.70,saturday,Windows,opera
3:17 PM,China,53.183.52.141,tuesday,Android,edge
5:24 PM,China,139.223.171.133,monday,Windows,google
7:31 PM,Ukraine,48.217.48.148,friday,Android,opera
11:18 PM,Slovenia,18.61.163.112,monday,Windows,google
5:40 PM,Indonesia,243.23.73.195,thursday,Linux,edge
3:57 PM,Kosovo,12.7.39.151,saturday,Android,opera
11:52 PM,China,225.101.191.252,wednesday,Windows,brave
10:03 AM,Colombia,156.72.53.128,monday,Windows,google
3:39 AM,Russia,181.46.67.25,saturday,Windows,edge
11:48 AM,Indonesia,106.28.102.123,wednesday,iOS,google
5:48 AM,Paraguay,46.32.214.226,sunday,Linux,opera
3:01 PM,Indonesia,126.195.216.33,sunday,Windows,google
12:39 PM,China,107.35.165.239,thursday,Android,google
9:03 AM,China,171.126.192.195,monday,Android,opera
8:37 PM,Portugal,120.39.227.150,monday,Windows,opera
1:51 AM,China,13.52.130.229,tuesday,Windows,opera
12:34 PM,Indonesia,90.92.234.48,thursday,iOS,google
6:53 PM,France,11.2.51.27,sunday,iOS,google
5:21 PM,South Africa,235.237.169.180,thursday,Android,google
8:21 PM,United Kingdom,73.170.22.247,saturday,Windows,google
11:38 PM,Portugal,86.27.77.187,tuesday,Android,opera
9:07 AM,Mexico,79.187.205.95,friday,Windows,brave
9:25 AM,Ukraine,60.195.191.114,sunday,Android,brave
4:13 PM,South Korea,163.57.35.72,tuesday,Windows,edge
5:44 PM,Argentina,253.0.117.120,wednesday,Android,edge
5:12 AM,Indonesia,38.30.89.250,sunday,Android,brave
10:55 PM,Indonesia,67.72.217.131,monday,Android,edge
3:03 AM,China,224.196.104.102,friday,iOS,brave
6:23 AM,Mexico,37.27.181.189,saturday,Android,opera
1:27 AM,Sierra Leone,239.85.25.92,wednesday,Android,brave
3:10 PM,Portugal,224.161.170.67,thursday,Linux,opera
4:33 PM,Ukraine,175.127.97.156,sunday,Windows,google
4:47 PM,Vietnam,246.215.210.227,tuesday,Windows,brave
10:59 PM,Indonesia,17.246.88.233,sunday,Linux,brave
11:50 PM,Russia,201.0.22.46,tuesday,Linux,opera
12:17 PM,Philippines,145.190.157.252,saturday,Linux,edge
10:49 AM,Colombia,115.145.60.77,tuesday,Android,opera
3:27 PM,Dominican Republic,46.87.43.90,wednesday,iOS,edge
4:01 PM,China,161.76.232.73,monday,iOS,edge
12:52 AM,China,76.4.133.81,monday,iOS,brave
12:11 AM,Czech Republic,12.231.41.43,monday,Linux,brave
6:42 PM,Sweden,193.88.180.115,thursday,Windows,edge
2:57 AM,Brazil,17.237.205.193,wednesday,iOS,brave
3:08 PM,Pakistan,121.218.94.137,thursday,iOS,edge
9:00 PM,China,199.12.41.248,friday,Linux,brave
7:42 AM,Costa Rica,160.109.89.246,friday,Linux,google
3:12 AM,Georgia,30.240.223.41,wednesday,Android,brave
11:30 PM,China,247.136.174.146,wednesday,Windows,opera
12:03 PM,China,231.110.8.99,thursday,Linux,brave
6:02 PM,Philippines,67.168.153.224,wednesday,Windows,edge
6:56 AM,Brazil,173.93.29.238,tuesday,Linux,google
5:36 PM,Indonesia,30.246.31.84,tuesday,Android,google
8:41 AM,Sweden,101.57.203.39,monday,Android,opera
2:36 AM,Peru,66.141.249.251,sunday,iOS,brave
5:15 AM,Bulgaria,131.23.103.117,monday,Linux,google
11:30 AM,Canada,115.29.6.104,thursday,Windows,edge
4:34 PM,China,43.106.72.49,saturday,Windows,google
5:34 PM,Indonesia,43.212.144.137,tuesday,Linux,google
6:52 PM,United States,223.153.118.205,thursday,Android,edge
12:19 PM,Albania,86.173.193.146,tuesday,Android,google
10:32 AM,Indonesia,148.160.104.68,thursday,Android,brave
8:59 PM,France,179.221.81.197,monday,Linux,edge
11:35 AM,Ukraine,83.95.72.60,tuesday,Android,opera
1:45 AM,Mongolia,146.237.188.203,sunday,Linux,opera
12:23 AM,Brazil,43.152.226.184,sunday,Android,google
2:25 AM,Thailand,175.26.148.43,tuesday,iOS,google
4:44 AM,Thailand,87.232.218.8,sunday,iOS,google
9:06 PM,Peru,158.148.128.45,tuesday,iOS,edge
3:36 AM,Tanzania,144.56.235.66,saturday,Linux,google
3:32 AM,Syria,105.147.250.61,thursday,Windows,brave
6:57 AM,Russia,23.125.101.99,saturday,Windows,edge
2:52 PM,China,51.223.0.155,monday,Android,brave
4:55 AM,Laos,125.72.214.143,sunday,iOS,brave
7:12 AM,China,219.30.249.32,saturday,Linux,brave
9:27 AM,Brazil,169.84.26.16,thursday,iOS,google
12:56 AM,Indonesia,31.209.228.217,thursday,iOS,brave
3:11 AM,China,214.130.48.82,sunday,iOS,opera
8:17 PM,Brazil,189.147.247.154,friday,Linux,opera
9:46 PM,Greece,205.168.90.224,saturday,Windows,opera
11:00 PM,Malaysia,168.114.93.163,sunday,Linux,brave
2:19 AM,United States,63.218.92.135,friday,Windows,google
10:46 AM,Haiti,26.103.139.252,friday,Android,brave
5:09 PM,Colombia,213.216.2.229,saturday,Android,brave
3:58 PM,China,216.192.154.110,wednesday,Android,opera
11:14 PM,Russia,206.93.81.38,friday,iOS,google
7:00 PM,China,67.78.217.158,saturday,iOS,opera
11:40 PM,Canada,31.23.113.227,thursday,iOS,opera
10:41 AM,Mexico,91.242.3.114,sunday,Android,edge
2:58 PM,China,49.153.177.185,thursday,Android,edge
7:26 AM,United States,144.38.125.104,monday,Windows,opera
3:37 AM,Brazil,70.107.138.51,monday,Windows,google
7:43 PM,Nigeria,134.39.91.155,monday,iOS,edge
4:46 AM,Belarus,209.129.8.220,friday,iOS,edge
5:50 PM,Afghanistan,22.112.154.112,wednesday,iOS,brave
1:02 AM,Syria,129.234.251.184,wednesday,Windows,edge
1:27 AM,Canada,152.26.69.85,sunday,Windows,google
4:11 AM,Azerbaijan,114.130.4.186,monday,iOS,edge
8:55 AM,Canada,84.167.148.113,monday,Linux,google
6:43 PM,Philippines,65.138.111.185,friday,Android,opera
1:11 PM,Canada,68.48.205.3,tuesday,Windows,brave
3:55 PM,China,130.174.154.153,saturday,Android,brave
10:07 AM,Indonesia,33.96.192.27,sunday,Linux,edge
5:56 AM,Indonesia,15.158.88.225,wednesday,Linux,brave
1:59 PM,Niger,9.176.142.132,thursday,iOS,brave
10:14 PM,Argentina,57.127.232.93,saturday,Linux,opera
10:01 PM,Philippines,231.110.112.39,tuesday,Android,opera
4:12 AM,France,6.124.241.138,friday,iOS,brave
1:31 PM,China,195.18.86.247,saturday,Windows,edge
6:45 AM,Portugal,27.30.37.113,friday,Android,opera
11:49 AM,Panama,119.174.140.94,friday,iOS,opera
5:13 AM,France,145.228.90.18,saturday,Windows,google
8:55 PM,Indonesia,29.242.73.237,thursday,Linux,opera
8:18 AM,China,182.186.64.116,friday,Linux,brave
2:10 PM,China,83.141.197.34,tuesday,iOS,edge
8:31 AM,Indonesia,201.29.185.113,thursday,iOS,edge
7:59 AM,Mali,230.191.200.58,sunday,Linux,edge
1:17 PM,China,160.160.164.115,monday,Android,opera
3:10 AM,Montserrat,205.203.3.80,thursday,iOS,opera
12:06 PM,Indonesia,75.119.60.68,thursday,Android,brave
3:05 PM,Iran,152.69.23.35,tuesday,Linux,edge
8:03 AM,Philippines,166.75.211.112,saturday,iOS,google
8:08 PM,Colombia,8.83.27.192,saturday,Linux,brave
2:46 AM,Tanzania,87.243.4.242,tuesday,iOS,edge
5:35 PM,Ecuador,167.149.42.50,monday,Android,google
9:35 PM,Indonesia,140.104.135.47,friday,Linux,google
5:45 PM,Uruguay,80.98.91.57,sunday,Windows,edge
9:34 AM,Peru,126.245.242.93,sunday,Linux,opera
1:24 PM,Poland,55.156.233.24,tuesday,Linux,opera
11:42 PM,United States,135.227.203.41,monday,Linux,brave
5:41 AM,Argentina,97.35.231.159,sunday,Windows,edge
5:19 PM,Indonesia,28.24.52.225,thursday,Windows,google
12:49 AM,Russia,113.170.27.91,friday,Linux,google
8:21 PM,Indonesia,247.64.103.55,thursday,iOS,opera
10:45 PM,Philippines,208.146.81.93,wednesday,Linux,edge
9:10 PM,Syria,240.117.63.205,thursday,Android,brave
12:33 AM,China,77.200.146.1,monday,Android,brave
11:22 PM,Indonesia,201.122.126.127,monday,Windows,google
12:33 PM,Sri Lanka,254.209.71.96,wednesday,Android,edge
7:15 PM,Hungary,222.5.93.177,thursday,Windows,brave
10:47 PM,Colombia,249.156.88.227,thursday,Windows,brave
6:28 AM,Brazil,95.214.63.116,sunday,Linux,google
9:21 AM,China,122.78.16.93,tuesday,Windows,brave
2:07 AM,China,181.212.193.80,sunday,Linux,edge
11:39 AM,Palestinian Territory,201.128.45.47,monday,Android,edge
9:21 AM,Ukraine,68.96.144.62,monday,Windows,brave
5:12 AM,Brazil,93.72.150.173,sunday,Windows,brave
2:06 AM,Spain,131.157.35.81,monday,iOS,brave
8:25 AM,Poland,7.111.93.185,wednesday,iOS,google
5:03 PM,Latvia,105.43.46.34,monday,Linux,opera
9:08 PM,Morocco,121.96.72.154,tuesday,Windows,brave
6:53 PM,Russia,196.4.19.152,tuesday,Windows,google
10:28 PM,Sweden,173.140.196.121,sunday,iOS,edge
10:30 AM,Brazil,180.244.190.25,saturday,Linux,google
4:07 PM,Ireland,80.178.195.21,thursday,Linux,edge
5:47 PM,Japan,57.182.47.15,thursday,Linux,brave
5:12 PM,Ukraine,246.12.115.224,wednesday,Android,brave
9:16 PM,Morocco,106.221.97.197,sunday,Linux,opera
5:10 AM,Colombia,202.138.107.78,wednesday,Linux,google
10:41 PM,China,240.3.250.168,thursday,Android,opera
12:49 PM,Indonesia,153.38.88.65,thursday,iOS,brave
5:34 AM,China,157.96.59.10,friday,Linux,opera
1:26 PM,Russia,175.178.137.140,sunday,Linux,google
10:45 AM,Brazil,165.164.93.73,tuesday,Linux,edge
8:56 AM,Micronesia,0.125.72.31,tuesday,iOS,opera
4:25 AM,Greece,189.126.160.84,sunday,Linux,brave
6:52 PM,Gambia,42.211.31.43,tuesday,Linux,google
8:26 PM,Philippines,125.53.204.195,monday,Android,brave
7:22 AM,Malaysia,123.252.145.211,saturday,Linux,edge
2:11 AM,Armenia,230.18.161.211,tuesday,Windows,google
1:25 PM,Canada,38.167.140.149,friday,Windows,edge
6:53 AM,Russia,0.122.66.100,monday,iOS,opera
2:40 PM,Croatia,35.3.89.125,saturday,Linux,opera
8:15 AM,Ukraine,86.132.78.237,friday,Linux,brave
5:00 AM,Costa Rica,139.7.53.254,thursday,Windows,edge
5:18 AM,Sweden,85.30.47.78,friday,Windows,opera
10:00 AM,China,115.174.52.86,thursday,iOS,brave
10:55 AM,Brazil,98.221.34.144,tuesday,Android,brave
5:43 PM,Spain,77.211.171.158,tuesday,Windows,edge
4:03 PM,Kenya,87.6.181.248,wednesday,Android,opera
1:06 AM,China,165.160.126.17,friday,iOS,brave
11:33 PM,China,246.111.164.162,saturday,Windows,google
4:36 AM,Indonesia,58.113.42.107,thursday,iOS,opera
7:26 AM,Argentina,64.254.229.112,sunday,Windows,edge
2:39 PM,Ethiopia,135.78.36.154,saturday,Windows,google
11:10 PM,Japan,149.141.13.165,monday,Windows,brave
7:33 PM,France,103.224.176.77,friday,iOS,google
12:42 PM,New Caledonia,45.102.23.96,wednesday,iOS,google
7:24 AM,Indonesia,222.145.219.34,saturday,iOS,opera
9:32 PM,Peru,248.238.221.210,thursday,Windows,brave
3:26 AM,Indonesia,242.239.81.148,sunday,Android,google
12:08 PM,France,113.70.78.94,friday,Windows,brave
8:34 AM,Somalia,249.242.96.147,thursday,Windows,google
5:34 AM,Azerbaijan,237.183.127.81,tuesday,iOS,google
4:16 PM,Armenia,255.37.154.16,thursday,iOS,edge
5:18 AM,Vietnam,109.187.172.13,saturday,Windows,google
12:58 AM,Nigeria,90.80.224.24,monday,iOS,edge
2:03 AM,China,174.9.195.219,sunday,iOS,brave
7:15 AM,Nigeria,123.16.228.136,wednesday,Windows,google
12:31 PM,United States,87.249.6.157,friday,Linux,google
8:06 AM,Bosnia and Herzegovina,70.110.3.42,tuesday,iOS,edge
7:53 PM,Poland,60.156.0.27,friday,Windows,edge
10:59 PM,Panama,183.181.237.6,friday,Linux,google
12:57 PM,Kenya,118.91.89.115,wednesday,Android,google
1:05 AM,Somalia,71.194.247.39,monday,Windows,opera
1:56 AM,France,34.40.67.91,monday,Linux,opera
10:38 PM,Colombia,219.193.65.5,saturday,Android,opera
6:18 PM,Indonesia,242.137.62.130,friday,iOS,brave
2:02 PM,Colombia,128.148.121.131,monday,Linux,edge
3:42 PM,Russia,99.118.147.130,wednesday,Linux,edge
5:28 AM,Peru,65.43.108.212,saturday,Windows,brave
10:17 AM,Honduras,201.7.177.19,friday,iOS,opera
5:22 PM,Indonesia,182.116.8.186,monday,Android,brave
7:10 AM,Russia,64.46.112.215,wednesday,Windows,google
10:18 PM,Indonesia,164.234.151.223,monday,Windows,brave
7:31 PM,China,215.252.213.159,sunday,Android,edge
2:15 AM,China,121.198.69.64,wednesday,Windows,brave
7:12 PM,United Kingdom,250.84.105.49,thursday,Windows,edge
10:26 PM,Indonesia,85.36.62.12,saturday,iOS,brave
7:12 AM,Indonesia,141.176.133.196,tuesday,iOS,google
7:00 AM,Portugal,218.159.105.0,monday,Windows,google
11:04 AM,Philippines,218.31.132.228,saturday,Linux,google
12:11 PM,France,183.212.88.207,friday,Android,brave
5:40 AM,Pakistan,83.89.49.140,thursday,Windows,opera
2:43 PM,China,3.2.136.44,thursday,Android,opera
11:11 AM,South Africa,50.8.46.218,saturday,Windows,brave
10:57 AM,Sweden,130.140.219.227,saturday,Linux,brave
8:20 PM,Indonesia,21.211.97.12,friday,Android,google
5:35 PM,China,120.24.147.76,thursday,Android,brave
3:29 PM,China,80.104.63.141,saturday,Android,google
1:02 PM,Indonesia,148.34.163.2,tuesday,iOS,opera
7:17 PM,Nigeria,218.186.18.247,tuesday,Linux,opera
1:55 AM,Cuba,191.134.170.68,friday,iOS,opera
1:34 PM,China,93.94.45.238,monday,Linux,edge
10:56 AM,Indonesia,236.234.142.211,sunday,Android,edge
5:31 AM,China,120.227.51.54,friday,Android,opera
9:31 AM,Philippines,127.227.104.212,thursday,Windows,google
5:43 AM,Thailand,81.146.179.122,thursday,Linux,google
5:12 AM,Honduras,81.126.84.188,thursday,iOS,opera
6:25 PM,Indonesia,39.189.201.193,tuesday,Linux,google
11:01 AM,Poland,75.186.149.80,thursday,Android,opera
11:36 PM,China,97.197.253.53,tuesday,Linux,brave
5:41 AM,Indonesia,95.133.91.197,saturday,Windows,google
5:44 AM,China,117.237.36.141,thursday,Android,brave
11:21 PM,Czech Republic,65.183.235.207,wednesday,Linux,brave
4:08 AM,Poland,38.17.76.161,tuesday,Windows,brave
1:48 AM,United States,178.161.239.236,saturday,Windows,edge
7:41 AM,Brazil,191.31.134.189,friday,Android,opera
2:34 PM,Philippines,152.149.60.71,monday,iOS,edge
11:13 PM,Nigeria,171.232.201.186,saturday,Android,opera
4:19 AM,Belarus,67.169.110.27,wednesday,Linux,opera
10:52 PM,Uganda,87.217.69.223,wednesday,Android,brave
12:08 AM,Japan,10.118.48.100,wednesday,iOS,brave
9:52 PM,Indonesia,131.201.193.63,tuesday,Android,google
4:56 AM,Indonesia,191.138.223.148,wednesday,Android,edge
8:01 PM,Netherlands,63.214.106.61,tuesday,Android,opera
6:55 PM,China,5.1.209.84,monday,Linux,brave
12:29 AM,Hungary,120.166.43.137,monday,iOS,opera
4:56 AM,Brazil,225.117.88.163,saturday,iOS,brave
9:40 AM,United States,50.206.232.93,monday,Android,brave
11:03 PM,China,218.102.191.73,thursday,iOS,edge
3:29 AM,Albania,1.214.69.66,thursday,Windows,google
8:31 PM,Sweden,86.30.34.32,saturday,iOS,brave
11:32 AM,Colombia,123.244.244.197,thursday,Linux,google
10:46 AM,Indonesia,144.86.144.255,thursday,Android,brave
11:49 PM,Colombia,25.243.150.96,friday,iOS,opera
5:48 AM,Indonesia,54.139.186.156,monday,Android,edge
6:29 AM,Russia,2.90.16.171,sunday,Android,edge
1:16 AM,Malaysia,109.133.66.184,saturday,Windows,brave
2:36 AM,Iran,227.72.248.100,wednesday,Linux,brave
10:18 PM,China,58.103.94.150,tuesday,iOS,opera
6:02 PM,Bangladesh,180.182.43.159,tuesday,iOS,opera
5:53 PM,China,238.85.22.241,thursday,iOS,google
10:19 PM,Bolivia,253.111.134.206,monday,iOS,google
2:51 PM,Nicaragua,26.125.21.107,monday,Linux,edge
1:58 PM,Russia,41.240.249.183,tuesday,Windows,edge
3:52 AM,Russia,179.1.90.160,saturday,Windows,google
2:36 PM,China,77.158.35.184,saturday,iOS,opera
11:35 AM,Malaysia,246.166.165.90,saturday,iOS,google
1:56 AM,Indonesia,222.117.57.233,saturday,Windows,google
12:44 PM,Portugal,160.102.185.211,saturday,Windows,brave
4:17 PM,China,43.131.119.9,thursday,Windows,brave
2:04 PM,Brazil,58.255.198.125,monday,Windows,brave
1:41 PM,Poland,133.104.133.124,thursday,Android,opera
2:40 PM,Serbia,217.150.15.66,saturday,iOS,brave
1:05 AM,China,198.100.66.118,wednesday,Windows,google
7:34 AM,Russia,18.200.179.0,sunday,Linux,edge
4:29 PM,Greece,74.55.58.147,tuesday,iOS,edge
3:13 PM,Russia,187.4.135.240,friday,iOS,google
9:09 AM,China,200.83.103.141,thursday,Android,opera
7:25 PM,Malaysia,148.101.25.92,thursday,Linux,brave
10:24 PM,France,139.133.52.239,sunday,Windows,brave
2:15 AM,Indonesia,16.33.36.34,monday,Linux,brave
9:07 AM,Greece,61.62.225.239,thursday,iOS,brave
6:38 AM,Brazil,23.190.150.191,thursday,Android,brave
6:34 PM,Sierra Leone,103.98.144.92,thursday,Windows,google
2:13 AM,China,63.207.144.245,saturday,Linux,brave
1:01 PM,Poland,58.242.138.144,sunday,Android,brave
4:00 PM,Thailand,22.179.188.168,monday,Windows,edge
5:34 PM,France,116.92.103.213,monday,Linux,brave
4:40 AM,Colombia,24.108.37.238,monday,Windows,brave
11:31 AM,Ireland,210.177.132.121,wednesday,Linux,brave
12:04 AM,Brazil,49.74.113.76,sunday,Android,google
6:14 PM,Portugal,178.241.103.89,tuesday,Android,edge
12:57 AM,Sweden,61.130.114.35,wednesday,iOS,brave
8:53 AM,Thailand,216.67.212.137,friday,Windows,google
5:53 PM,Argentina,216.95.157.168,monday,Linux,edge
12:19 AM,Brazil,38.176.128.165,tuesday,Android,google
5:31 AM,China,157.49.93.28,wednesday,Windows,google
2:59 AM,China,183.22.166.99,monday,Linux,brave
8:23 PM,China,105.176.152.140,wednesday,Linux,edge
1:29 AM,Egypt,224.49.223.159,wednesday,Windows,edge
12:32 PM,Philippines,98.144.25.149,friday,Android,brave
1:57 PM,China,8.59.16.54,sunday,Android,google
1:11 AM,Slovenia,136.228.165.94,monday,Windows,google
4:15 AM,Myanmar,41.92.233.108,friday,iOS,opera
12:18 PM,France,24.46.90.133,monday,iOS,edge
6:02 PM,Argentina,132.244.182.128,thursday,Windows,google
7:02 AM,Indonesia,93.58.64.134,monday,Windows,edge
5:38 AM,China,197.111.175.145,saturday,Linux,brave
12:28 PM,Nigeria,225.85.146.191,thursday,Windows,google
7:41 AM,Democratic Republic of the Congo,87.176.228.224,friday,iOS,edge
6:22 PM,Serbia,239.193.252.185,friday,Windows,opera
11:06 AM,Thailand,201.195.66.25,saturday,Windows,opera
6:08 PM,Norway,221.38.70.22,monday,Linux,edge
3:17 PM,China,146.236.218.50,tuesday,Android,opera
6:57 PM,Indonesia,162.193.223.136,friday,iOS,google
6:58 PM,Sweden,226.191.25.187,tuesday,Linux,brave
2:20 PM,Thailand,201.141.209.143,tuesday,Windows,brave
1:33 AM,Liechtenstein,80.23.174.208,wednesday,iOS,edge
8:30 AM,Honduras,131.128.23.108,friday,Android,brave
5:19 AM,Chile,130.123.169.222,thursday,Windows,google
10:03 AM,Indonesia,100.255.39.66,sunday,Linux,opera
9:53 AM,Argentina,208.96.137.243,thursday,Windows,opera
2:58 PM,Ireland,199.215.23.175,monday,iOS,google
7:35 PM,Sri Lanka,105.151.56.143,saturday,Linux,brave
2:06 PM,Indonesia,205.54.151.102,friday,iOS,edge
9:41 AM,Somalia,8.234.53.249,saturday,Windows,google
10:33 PM,Palau,217.79.130.89,sunday,Android,opera
9:34 PM,Indonesia,78.120.81.128,monday,Linux,opera
9:41 PM,China,161.49.39.126,tuesday,iOS,edge
1:00 PM,China,242.104.7.165,saturday,Windows,opera
10:27 PM,Slovenia,52.115.226.134,monday,iOS,brave
4:31 PM,Kazakhstan,167.151.20.141,wednesday,iOS,edge
8:57 PM,Sweden,169.152.86.142,thursday,Android,google
8:43 PM,Slovenia,152.41.88.0,wednesday,Windows,google
5:23 AM,China,65.61.116.255,thursday,Android,opera
1:37 PM,United States,234.169.156.87,sunday,Android,opera
3:08 AM,Peru,107.85.162.226,sunday,Linux,edge
11:04 PM,Pakistan,216.30.84.150,thursday,Linux,opera
11:56 PM,China,213.86.119.135,saturday,iOS,brave
11:35 AM,Morocco,148.131.118.157,monday,Android,google
10:21 PM,Philippines,60.167.224.17,thursday,Windows,edge
10:55 PM,United States,27.16.57.112,friday,Android,edge
12:51 PM,Indonesia,114.42.76.212,wednesday,Windows,google
9:47 PM,China,128.252.114.170,monday,Windows,opera
5:16 PM,France,100.176.236.145,saturday,Windows,brave
9:42 AM,Netherlands,146.67.227.12,saturday,iOS,brave
6:57 PM,Russia,24.21.1.193,wednesday,Linux,google
6:25 PM,Spain,243.15.202.22,tuesday,Windows,google
8:48 PM,Costa Rica,241.169.198.240,monday,Linux,brave
8:17 AM,Georgia,250.223.213.76,wednesday,Windows,edge
2:39 AM,China,178.188.219.133,monday,Android,brave
1:38 AM,Argentina,188.34.250.119,tuesday,Linux,opera
6:11 PM,Japan,203.147.239.65,tuesday,iOS,edge
2:45 PM,Uruguay,155.173.236.120,sunday,Windows,google
7:28 AM,China,234.76.136.59,thursday,Linux,google
12:39 AM,Indonesia,60.66.124.252,monday,Android,brave
7:33 PM,Venezuela,9.185.128.96,friday,Windows,google
8:12 PM,Iran,205.82.29.92,friday,Linux,opera
4:05 PM,Sweden,1.182.124.111,tuesday,iOS,brave
5:55 AM,China,115.205.208.7,monday,Windows,edge
6:42 AM,Colombia,19.4.83.24,saturday,iOS,brave
5:11 PM,Indonesia,75.91.93.65,thursday,Android,google
4:20 AM,Philippines,32.56.163.82,thursday,Android,opera
10:13 PM,Indonesia,251.167.242.178,thursday,Windows,opera
9:47 AM,Sweden,83.254.252.243,tuesday,Linux,edge
8:19 AM,Poland,27.226.49.78,sunday,Android,brave
8:39 AM,Sweden,240.15.154.43,wednesday,Android,edge
5:29 AM,Philippines,223.103.145.150,wednesday,Windows,brave
3:05 AM,Ukraine,200.68.32.4,wednesday,iOS,brave
1:13 AM,Sweden,247.57.233.228,tuesday,Windows,brave
6:37 PM,Philippines,213.120.147.197,wednesday,Linux,edge
8:21 PM,China,20.11.38.170,tuesday,Windows,brave
8:33 PM,Philippines,109.250.164.121,tuesday,iOS,brave
8:36 PM,South Korea,84.29.193.91,thursday,Android,google
10:39 PM,Kyrgyzstan,127.92.10.1,thursday,iOS,google
7:40 AM,Russia,98.95.80.101,thursday,Linux,opera
6:52 AM,Colombia,44.138.116.55,friday,Windows,edge
11:21 PM,Indonesia,49.48.88.229,tuesday,Windows,brave
4:58 AM,Albania,49.234.69.101,thursday,Windows,opera
12:51 AM,Indonesia,228.131.130.206,saturday,Linux,edge
2:43 AM,Brazil,29.76.124.30,sunday,iOS,brave
3:12 PM,United States,158.174.21.218,saturday,iOS,opera
7:03 AM,South Korea,100.54.166.35,thursday,Windows,google
3:16 AM,Dominican Republic,166.115.159.130,saturday,Windows,brave
12:31 AM,Netherlands,125.33.68.33,thursday,Android,google
10:34 PM,China,99.188.218.72,tuesday,Windows,brave
1:10 AM,China,14.30.36.221,wednesday,Windows,brave
11:40 PM,Russia,148.175.150.81,saturday,Linux,edge
6:24 PM,Indonesia,33.97.149.254,sunday,Android,opera
2:10 PM,Russia,209.59.11.152,tuesday,Android,opera
11:19 AM,France,161.1.159.99,saturday,Linux,opera
5:50 AM,China,123.148.220.123,sunday,Windows,opera
9:14 AM,Portugal,203.56.163.233,tuesday,Linux,opera
12:40 PM,Ireland,120.131.212.159,saturday,Windows,google
5:54 PM,France,20.122.90.148,friday,Linux,edge
1:33 PM,Iran,249.194.22.109,sunday,iOS,edge
8:33 AM,Portugal,200.192.143.6,friday,Linux,edge
1:20 PM,Poland,180.132.118.18,saturday,iOS,edge
3:22 PM,Macedonia,247.240.167.65,sunday,Linux,edge
3:22 PM,Poland,195.90.17.49,sunday,Android,google
6:10 PM,Russia,148.23.142.78,sunday,Linux,opera
11:04 AM,Philippines,183.114.123.236,wednesday,iOS,google
5:37 PM,Paraguay,38.169.230.0,tuesday,Android,opera
11:46 PM,Indonesia,38.69.43.83,tuesday,Windows,brave
1:18 PM,Iran,188.25.237.130,saturday,iOS,opera
7:46 AM,Indonesia,169.114.103.242,friday,Windows,google
6:52 AM,Philippines,9.127.227.189,monday,Windows,brave
10:06 PM,China,5.209.93.196,friday,Android,google
11:21 PM,Indonesia,61.173.186.22,sunday,Android,edge
8:04 PM,China,174.112.2.173,saturday,Linux,opera
1:20 PM,Ukraine,108.161.41.126,friday,iOS,edge
12:52 PM,China,120.56.108.190,monday,Windows,google
4:35 AM,Morocco,224.113.243.142,thursday,Windows,brave
7:13 AM,Brazil,134.253.78.66,wednesday,Windows,brave
1:55 PM,Portugal,170.96.114.122,wednesday,iOS,brave
2:50 AM,Brazil,244.138.255.158,wednesday,Windows,google
7:07 AM,Philippines,170.37.240.186,tuesday,Windows,edge
9:26 PM,Indonesia,11.190.181.69,wednesday,Android,opera
9:01 PM,Albania,49.111.136.108,thursday,Windows,edge
6:28 PM,New Zealand,135.154.232.26,wednesday,iOS,google
11:25 PM,Russia,73.168.110.162,sunday,iOS,google
8:05 AM,Philippines,83.168.59.6,friday,iOS,google
10:50 PM,France,79.3.9.146,wednesday,Windows,google
